title,authors,where_published,year,doi
Navigating Autonomous Vehicle on Unmarked Roads with Diffusion-Based Motion Prediction and Active Inference,"Yufei Huang, Yulin Li, Andrea Matta, Mohsen Jafari",arxiv,2024,https://doi.org/10.48550/arXiv.2406.00211
An Active Inference Agent for Simulating Human Translation Processes in a Hierarchical Architecture: Integrating the Task Segment Framework and the HOF taxonomy,Michael Carl,arxiv,2024,https://doi.org/10.48550/arXiv.2405.03111
The emergence of the width of subjective temporality: the self-simulational theory of temporal extension from the perspective of the free energy principle,Jan Erik Bellingrath,arxiv,2024,https://doi.org/10.48550/arXiv.2404.12895
Development of Compositionality and Generalization through Interactive Learning of Language and Action of Robots,"Prasanna Vijayaraghavan, Jeffrey Frederic Queisser, Sergio Verduzco Flores, Jun Tani",arxiv,2024,https://doi.org/10.48550/arXiv.2403.19995
Self-Supervised Path Planning in UAV-aided Wireless Networks based on Active Inference,"Ali Krayani, Khalid Khan, Lucio Marcenaro, Mario Marchese, Carlo Regazzoni",arxiv,2024,https://doi.org/10.48550/arXiv.2403.13827
On Predictive planning and counterfactual learning in active inference,"Aswin Paul, Takuya Isomura, Adeel Razi",arxiv,2024,https://doi.org/10.48550/arXiv.2403.12417
Enabling self-identification in intelligent agent: insights from computational psychoanalysis,"Lingyu Li, Chunbo Li",arxiv,2024,https://doi.org/10.48550/arXiv.2403.07664
Reframing the Expected Free Energy: Four Formulations and a Unification,"Théophile Champion, Howard Bowman, Dimitrije Marković, Marek Grześ",arxiv,2024,https://doi.org/10.48550/arXiv.2402.14460
Dynamic planning in hierarchical active inference,"Matteo Priorelli, Ivilin Peev Stoianov",arxiv,2024,https://doi.org/10.48550/arXiv.2402.11658
Hierarchical hybrid modeling for flexible tool use,"Matteo Priorelli, Ivilin Peev Stoianov",arxiv,2024,https://doi.org/10.48550/arXiv.2402.10088
A call for embodied AI,"Giuseppe Paolo, Jonas Gonzalez-Billandon, Balázs Kégl",arxiv,2024,https://doi.org/10.48550/arXiv.2402.03824
Active Inference as a Model of Agency,"Lancelot Da Costa, Samuel Tenka, Dominic Zhao, Noor Sajid",arxiv,2024,https://doi.org/10.48550/arXiv.2401.12917
Active Inference Demonstrated with Artificial Spin Ice,"Robert L. Stamps, Rehana Begum Popy, Johan van Lierop",arxiv,2024,https://doi.org/10.48550/arXiv.2401.12211
Observation-Augmented Contextual Multi-Armed Bandits for Robotic Exploration with Uncertain Semantic Data,"Shohei Wakayama, Nisar Ahmed",arxiv,2023,https://doi.org/10.48550/arXiv.2312.12583
Active Inference and Intentional Behaviour,"Karl J. Friston, Tommaso Salvatori, Takuya Isomura, Alexander Tschantz, Alex Kiefer, Tim Verbelen, Magnus Koudahl, Aswin Paul, Thomas Parr, Adeel Razi, Brett Kagan, Christopher L. Buckley, Maxwell J. D. Ramstead",arxiv,2023,https://doi.org/10.48550/arXiv.2312.07547
Spatial and Temporal Hierarchy for Autonomous Navigation using Active Inference in Minigrid Environment,"Daria de Tinguy, Toon van de Maele, Tim Verbelen, Bart Dhoedt",arxiv,2023,https://doi.org/10.48550/arXiv.2312.05058
Multi-Modal MPPI and Active Inference for Reactive Task and Motion Planning,"Yuezhe Zhang, Corrado Pezzato, Elia Trevisan, Chadi Salmi, Carlos Hernández Corbato, Javier Alonso-Mora",arxiv,2024,https://doi.org/10.1109/LRA.2024.3426183
Anomaly Detection via Learning-Based Sequential Controlled Sensing,"Geethu Joseph, Chen Zhong, M. Cenk Gursoy, Senem Velipasalar, Pramod K. Varshney",arxiv,2023,https://doi.org/10.48550/arXiv.2312.00088
Equilibrium in the Computing Continuum through Active Inference,"Boris Sedlak, Victor Casamayor Pujol, Praveen Kumar Donta, Schahram Dustdar",arxiv,2023,https://doi.org/10.48550/arXiv.2311.16769
Tactile Active Inference Reinforcement Learning for Efficient Robotic Manipulation Skill Acquisition,"Zihao Liu, Xing Liu, Yizhai Zhang, Zhengxiong Liu, Panfeng Huang",arxiv,2023,https://doi.org/10.48550/arXiv.2311.11287
Active Inference on the Edge: A Design Study,"Boris Sedlak, Victor Casamayor Pujol, Praveen Kumar Donta, Schahram Dustdar",arxiv,2023,https://doi.org/10.48550/arXiv.2311.10607
Predictive Minds: LLMs As Atypical Active Inference Agents,"Jan Kulveit, Clem von Stengel, Roman Leventov",arxiv,2023,https://doi.org/10.48550/arXiv.2311.10215
Resolving uncertainty on the fly: Modeling adaptive driving behavior as active inference,"Johan Engström, Ran Wei, Anthony McDonald, Alfredo Garcia, Matt O'Kelly, Leif Johnson",arxiv,2023,https://doi.org/10.48550/arXiv.2311.06417
Understanding Tool Discovery and Tool Innovation Using Active Inference,"Poppy Collis, Paul F Kinghorn, Christopher L Buckley",arxiv,2023,https://doi.org/10.48550/arXiv.2311.03893
Neural representation in active inference: using generative models to interact with -- and understand -- the lived world,"Giovanni Pezzulo, Leo D'Amato, Francesco Mannella, Matteo Priorelli, Toon Van de Maele, Ivilin Peev Stoianov, Karl Friston",arxiv,2023,https://doi.org/10.48550/arXiv.2310.14810
Intelligent Resource Allocation for UAV-Based Cognitive NOMA Networks: An Active Inference Approach,"Felix Obite, Ali Krayani, Atm S. Alam, Lucio Marcenaro, Arumugam Nallanathan, Carlo Regazzoni",arxiv,2023,https://doi.org/10.48550/arXiv.2310.11070
Modeling motor control in continuous-time Active Inference: a survey,"Matteo Priorelli, Federico Maggiore, Antonella Maselli, Francesco Donnarumma, Domenico Maisto, Francesco Mannella, Ivilin Peev Stoianov, Giovanni Pezzulo",arxiv,2023,https://doi.org/10.48550/arXiv.2310.05144
Blind CT Image Quality Assessment Using DDPM-derived Content and Transformer-based Evaluator,"Yongyi Shi, Wenjun Xia, Ge Wang, Xuanqin Mou",arxiv,2023,https://doi.org/10.48550/arXiv.2310.03118
Tactile-based Active Inference for Force-Controlled Peg-in-Hole Insertions,"Tatsuya Kamijo, Ixchel G. Ramirez-Alpizar, Enrique Coronado, Gentiane Venture",arxiv,2023,https://doi.org/10.48550/arXiv.2309.15681
Active Inference for Sum Rate Maximization in UAV-Assisted Cognitive NOMA Networks,"Felix Obite, Ali Krayani, Atm S. Alam, Lucio Marcenaro, Arumugam Nallanathan, Carlo Regazzoni",arxiv,2023,https://doi.org/10.48550/arXiv.2309.11263
Learning Spatial and Temporal Hierarchies: Hierarchical Active Inference for navigation in Multi-Room Maze Environments,"Daria de Tinguy, Toon Van de Maele, Tim Verbelen, Bart Dhoedt",arxiv,2023,https://doi.org/10.48550/arXiv.2309.09864
Return to Lacan: an approach to digital twin mind with free energy principle,"Lingyu Li, Chunbo Li",arxiv,2023,https://doi.org/10.48550/arXiv.2309.06707
Relative representations for cognitive graphs,"Alex B. Kiefer, Christopher L. Buckley",arxiv,2023,https://doi.org/10.48550/arXiv.2309.04653
Bridging Cognitive Maps: a Hierarchical Active Inference Model of Spatial Alternation Tasks and the Hippocampal-Prefrontal Circuit,"Toon Van de Maele, Bart Dhoedt, Tim Verbelen, Giovanni Pezzulo",arxiv,2024,https://doi.org/10.48550/arXiv.2308.11463
A Partially Observable Deep Multi-Agent Active Inference Framework for Resource Allocation in 6G and Beyond Wireless Communications Networks,"Fuhui Zhou, Rui Ding, Qihui Wu, Derrick Wing Kwan Ng, Kai-Kit Wong, Naofal Al-Dhahir",arxiv,2023,https://doi.org/10.48550/arXiv.2308.11402
Integrating cognitive map learning and active inference for planning in ambiguous environments,"Toon Van de Maele, Bart Dhoedt, Tim Verbelen, Giovanni Pezzulo",arxiv,2023,https://doi.org/10.48550/arXiv.2308.08307
Planning to Learn: A Novel Algorithm for Active Learning during Model-Based Planning,"Rowan Hodson, Bruce Bassett, Charel van Hoof, Benjamin Rosman, Mark Solms, Jonathan P. Shock, Ryan Smith",arxiv,2023,https://doi.org/10.48550/arXiv.2308.08029
Integrating large language models and active inference to understand eye movements in reading and dyslexia,"Francesco Donnarumma, Mirco Frosolone, Giovanni Pezzulo",arxiv,2023,https://doi.org/10.48550/arXiv.2308.04941
Empirical Translation Process Research: Past and Possible Future Perspectives,Michael Carl,arxiv,2023,https://doi.org/10.48550/arXiv.2308.01368
Active Inference in String Diagrams: A Categorical Account of Predictive Processing and Free Energy,"Sean Tull, Johannes Kleiner, Toby St Clere Smithe",arxiv,2023,https://doi.org/10.48550/arXiv.2308.00861
Collective behavior from surprise minimization,"Conor Heins, Beren Millidge, Lancelot da Costa, Richard Mann, Karl Friston, Iain Couzin",arxiv,2023,https://doi.org/10.48550/arXiv.2307.14804
Toward Design of Synthetic Active Inference Agents by Mere Mortals,Bert de Vries,arxiv,2023,https://doi.org/10.48550/arXiv.2307.14145
On efficient computation in active inference,"Aswin Paul, Noor Sajid, Lancelot Da Costa, Adeel Razi",arxiv,2023,https://doi.org/10.48550/arXiv.2307.00504
An analytical model of active inference in the Iterated Prisoner's Dilemma,"Daphne Demekas, Conor Heins, Brennan Klein",arxiv,2023,https://doi.org/10.48550/arXiv.2306.15494
Inferring Hierarchical Structure in Multi-Room Maze Environments,"Daria de Tinguy, Toon Van de Maele, Tim Verbelen, Bart Dhoedt",arxiv,2023,https://doi.org/10.48550/arXiv.2306.13546
A Neural Network Implementation for Free Energy Principle,Jingwei Liu,arxiv,2023,https://doi.org/10.48550/arXiv.2306.06792
Active Inference in Hebbian Learning Networks,Active Inference in Hebbian Learning Networks,arxiv,2023,https://doi.org/10.48550/arXiv.2306.05053
Designing explainable artificial intelligence with active inference: A framework for transparent introspection and decision-making,"Mahault Albarracin, Inês Hipólito, Safae Essafi Tremblay, Jason G. Fox, Gabriel René, Karl Friston, Maxwell J. D. Ramstead",arxiv,2023,https://doi.org/10.48550/arXiv.2306.04025
Active Inference-Based Optimization of Discriminative Neural Network Classifiers,Faezeh Fallah,arxiv,2023,https://doi.org/10.48550/arXiv.2306.02447
Modeling the sense of presence of remote participants in hybrid communication and its application to the design of avatar robot behavior,"Takuma Miyaguchi, Hideyoshi Yanagisawa",arxiv,2023,https://doi.org/10.48550/arXiv.2305.01665
Symmetry and Complexity in Object-Centric Deep Active Inference Models,"Stefano Ferraro, Toon Van de Maele, Tim Verbelen, Bart Dhoedt",arxiv,2023,https://doi.org/10.48550/arXiv.2304.14493
Influence of the Geometry of the world model on Curiosity Based Exploration,"Grégoire Sergeant-Perthuis, Nils Ruet, David Rudrauf, Dimitri Ognibene, Yvain Tisserand",arxiv,2023,https://doi.org/10.48550/arXiv.2304.00188
An active inference model of car following: Advantages and applications,"Ran Wei, Anthony D. McDonald, Alfredo Garcia, Gustav Markkula, Johan Engstrom, Matthew O'Kelly",arxiv,2023,https://doi.org/10.48550/arXiv.2303.15201
A variational synthesis of evolutionary and developmental dynamics,"Karl Friston, Daniel Ari Friedman, Axel Constant, V. Bleu Knight, Thomas Parr, John O. Campbell",arxiv,2023,https://doi.org/10.48550/arXiv.2303.04898
Control flow in active inference systems,"Chris Fields, Filippo Fabrocini, Karl Friston, James F. Glazebrook, Hananel Hazan, Michael Levin, Antonino Marciano",arxiv,2023,https://doi.org/10.48550/arXiv.2303.01514
Object-Centric Scene Representations using Active Inference,"Toon Van de Maele, Tim Verbelen, Pietro Mazzaglia, Stefano Ferraro, Bart Dhoedt",arxiv,2023,https://doi.org/10.48550/arXiv.2302.03288
World Models and Predictive Coding for Cognitive and Developmental Robotics: Frontiers and Challenges,"Tadahiro Taniguchi, Shingo Murata, Masahiro Suzuki, Dimitri Ognibene, Pablo Lanillos, Emre Ugur, Lorenzo Jamone, Tomoaki Nakamura, Alejandra Ciria, Bruno Lara, Giovanni Pezzulo",arxiv,2023,https://doi.org/10.48550/arXiv.2301.05832
Mathematical Foundations for a Compositional Account of the Bayesian Brain,Toby St Clere Smithe,arxiv,2023,https://doi.org/10.48550/arXiv.2212.12538
Active Inference and Reinforcement Learning: A unified inference on continuous state and action spaces under partial observability,"Parvin Malekzadeh, Konstantinos N. Plataniotis",arxiv,2024,https://doi.org/10.48550/arXiv.2212.07946
Designing Ecosystems of Intelligence from First Principles,"Karl J Friston, Maxwell J D Ramstead, Alex B Kiefer, Alexander Tschantz, Christopher L Buckley, Mahault Albarracin, Riddhi J Pitliya, Conor Heins, Brennan Klein, Beren Millidge, Dalton A R Sakthivadivel, Toby St Clere Smithe, Magnus Koudahl, Safae Essafi Tremblay, Capm Petersen, Kaiser Fung, Jason G Fox, Steven Swanson, Dan Mapes, Gabriel René",arxiv,2022,https://doi.org/10.48550/arXiv.2212.01354
Active Exploration based on Information Gain by Particle Filter for Efficient Spatial Concept Formation,"Akira Taniguchi, Yoshiki Tabuchi, Tomochika Ishikawa, Lotfi El Hafi, Yoshinobu Hagiwara, Tadahiro Taniguchi",arxiv,2023,https://doi.org/10.48550/arXiv.2211.10934
A Neural Active Inference Model of Perceptual-Motor Learning,"Zhizhuo Yang, Gabriel J. Diaz, Brett R. Fajen, Reynold Bailey, Alexander Ororbia",arxiv,2022,https://doi.org/10.48550/arXiv.2211.10419
Polynomial Life: the Structure of Adaptive Systems,Toby St Clere Smithe,arxiv,2022,https://doi.org/10.48550/arXiv.2211.01831
Natural Language Syntax Complies with the Free-Energy Principle,"Elliot Murphy, Emma Holmes, Karl Friston",arxiv,2022,https://doi.org/10.48550/arXiv.2210.15098
Interactive inference: a multi-agent model of cooperative joint actions,"Domenico Maisto, Francesco Donnarumma, Giovanni Pezzulo",arxiv,2022,https://doi.org/10.48550/arXiv.2210.13113
Blockchain-Based Decentralized Knowledge Marketplace Using Active Inference,"Shashank Joshi, Arhan Choudhury",arxiv,2022,https://doi.org/10.48550/arXiv.2210.01688
Active Inference for Autonomous Decision-Making with Contextual Multi-Armed Bandits,"Shohei Wakayama, Nisar Ahmed",arxiv,2022,https://doi.org/10.48550/arXiv.2209.09185
Disentangling Shape and Pose for Object-Centric Deep Active Inference Models,"Stefano Ferraro, Toon Van de Maele, Pietro Mazzaglia, Tim Verbelen, Bart Dhoedt",arxiv,2022,https://doi.org/10.48550/arXiv.2209.09097
Learning Policies for Continuous Control via Transition Models,"Justus Huebotter, Serge Thill, Marcel van Gerven, Pablo Lanillos",arxiv,2022,https://doi.org/10.48550/arXiv.2209.08033
Capsule Networks as Generative Models,"Alex B. Kiefer, Beren Millidge, Alexander Tschantz, Christopher L. Buckley",arxiv,2022,https://doi.org/10.48550/arXiv.2209.02567
Efficient search of active inference policy spaces using k-means,"Alex B. Kiefer, Mahault Albarracin",arxiv,2022,https://doi.org/10.48550/arXiv.2209.02550
Interpreting systems as solving POMDPs: a step towards a formal understanding of agency,"Martin Biehl, Nathaniel Virgo",arxiv,2022,https://doi.org/10.48550/arXiv.2209.01619
Object-based active inference,"Ruben S. van Bergen, Pablo L. Lanillos",arxiv,2022,https://doi.org/10.48550/arXiv.2209.01258
The Role of Valence and Meta-awareness in Mirror Self-recognition Using Hierarchical Active Inference,"Jonathan Bauermeister, Pablo Lanillos",arxiv,2022,https://doi.org/10.48550/arXiv.2208.13213
Compositional Active Inference II: Polynomial Dynamics. Approximate Inference Doctrines,Toby St. Clere Smithe,arxiv,2022,https://doi.org/10.48550/arXiv.2208.12173
Home Run: Finding Your Way Home by Imagining Trajectories,"Daria de Tinguy, Pietro Mazzaglia, Tim Verbelen, Bart Dhoedt",arxiv,2022,https://doi.org/10.48550/arXiv.2208.10914
Deriving time-averaged active inference from control principles,"Eli Sennesh, Jordan Theriault, Jan-Willem van de Meent, Lisa Feldman Barrett, Karen Quigley",arxiv,2022,https://doi.org/10.48550/arXiv.2208.10601
Mapping Husserlian phenomenology onto active inference,"Mahault Albarracin, Riddhi J. Pitliya, Maxwell J. D. Ramstead, Jeffrey Yoshimi",arxiv,2022,https://doi.org/10.48550/arXiv.2208.09058
Learning Generative Models for Active Inference using Tensor Networks,"Samuel T. Wauthier, Bram Vanhecke, Tim Verbelen, Bart Dhoedt",arxiv,2022,https://doi.org/10.48550/arXiv.2208.08713
A Novel Resource Allocation for Anti-jamming in Cognitive-UAVs: an Active Inference Approach,"Ali Krayani, Atm S. Alam, Lucio Marcenaro, Arumugam Nallanathan, Carlo Regazzoni",arxiv,2022,https://doi.org/10.48550/arXiv.2208.05269
"One person's modus ponens...: Comment on ""The Markov blanket trick: On the scope of the free energy principle and active inference"" by Raja and colleagues (2021)",Maxwell J. D Ramstead,arxiv,2022,https://doi.org/10.48550/arXiv.2208.04275
Unbiased Active Inference for Classical Control,"Mohamed Baioumy, Corrado Pezzato, Riccardo Ferrari, Nick Hawes",arxiv,2022,https://doi.org/10.48550/arXiv.2207.13409
Successor Representation Active Inference,"Beren Millidge, Christopher L Buckley",arxiv,2022,https://doi.org/10.48550/arXiv.2207.09897
Spin glass systems as collective active inference,"Conor Heins, Brennan Klein, Daphne Demekas, Miguel Aguilera, Christopher Buckley",arxiv,2022,https://doi.org/10.48550/arXiv.2207.06970
The Free Energy Principle for Perception and Action: A Deep Learning Perspective,"Pietro Mazzaglia, Tim Verbelen, Ozan Çatal, Bart Dhoedt",arxiv,2022,https://doi.org/10.48550/arXiv.2207.06415
A Worked Example of the Bayesian Mechanics of Classical Objects,Dalton A R Sakthivadivel,arxiv,2022,https://doi.org/10.48550/arXiv.2206.12996
Multi-Modal and Multi-Factor Branching Time Active Inference,"Théophile Champion, Marek Grześ, Howard Bowman",arxiv,2022,https://doi.org/10.48550/arXiv.2206.12503
Active Inference for Robotic Manipulation,"Tim Schneider, Boris Belousov, Hany Abdulsamad, Jan Peters",arxiv,2022,https://doi.org/10.48550/arXiv.2206.10313
"Open Dynamical Systems as Coalgebras for Polynomial Functors, with Application to Predictive Processing",Toby St. Clere Smithe,arxiv,2022,https://doi.org/10.48550/arXiv.2206.03868
Free Energy Principle for the Noise Smoothness Estimation of Linear Systems with Colored Noise,"Ajith Anil Meera, Martijn Wisse",arxiv,2022,https://doi.org/10.48550/arXiv.2204.01796
Free energy and inference in living systems,Chang Sub Kim,arxiv,2022,https://doi.org/10.48550/arXiv.2203.14194
"Geometric Methods for Sampling, Optimisation, Inference and Adaptive Agents","Alessandro Barp, Lancelot Da Costa, Guilherme França, Karl Friston, Mark Girolami, Michael I. Jordan, Grigorios A. Pavliotis",arxiv,2022,https://doi.org/10.48550/arXiv.2203.10592
Inference of Affordances and Active Motor Control in Simulated Agents,"Fedor Scholz, Christian Gumbsch, Sebastian Otte, Martin V. Butz",arxiv,2022,https://doi.org/10.48550/arXiv.2202.11532
Goal-directed Planning and Goal Understanding by Active Inference: Evaluation Through Simulated and Physical Robot Experiments,"Takazumi Matsumoto, Wataru Ohata, Fabien C. Y. Benureau, Jun Tani",arxiv,2022,https://doi.org/10.48550/arXiv.2202.09976
pymdp: A Python library for active inference in discrete state spaces,"Conor Heins, Beren Millidge, Daphne Demekas, Brennan Klein, Karl Friston, Iain Couzin, Alexander Tschantz",arxiv,2022,https://doi.org/10.48550/arXiv.2201.03904
Neurons as hierarchies of quantum reference frames,"Chris Fields, James F. Glazebrook, Michael Levin",arxiv,2022,https://doi.org/10.48550/arXiv.2201.00921
"Social Neuro AI: Social Interaction as the ""dark matter"" of AI","Samuele Bolotta, Guillaume Dumas",arxiv,2022,https://doi.org/10.48550/arXiv.2112.15459
Interpreting Dynamical Systems as Bayesian Reasoners,"Nathaniel Virgo, Martin Biehl, Simon McGregor",arxiv,2021,https://doi.org/10.48550/arXiv.2112.13523
AIDA: An Active Inference-based Design Agent for Audio Processing Algorithms,"Albert Podusenko, Bart van Erp, Magnus Koudahl, Bert de Vries",arxiv,2022,https://doi.org/10.48550/arXiv.2112.13366
"Insula Interoception, Active Inference and Feeling Representation","Alan S. R. Fermin, Karl Friston, Shigeto Yamawaki",arxiv,2021,https://doi.org/10.48550/arXiv.2112.12290
Branching Time Active Inference with Bayesian Filtering,"Théophile Champion, Marek Grześ, Howard Bowman",arxiv,2021,https://doi.org/10.48550/arXiv.2112.07406
Adaptation through prediction: multisensory active inference torque control,"Cristian Meo, Giovanni Franzese, Corrado Pezzato, Max Spahn, Pablo Lanillos",arxiv,2021,https://doi.org/10.48550/arXiv.2112.06752
Active Inference in Robotics and Artificial Agents: Survey and Challenges,"Pablo Lanillos, Cristian Meo, Corrado Pezzato, Ajith Anil Meera, Mohamed Baioumy, Wataru Ohata, Alexander Tschantz, Beren Millidge, Martijn Wisse, Christopher L. Buckley, Jun Tani",arxiv,2021,https://doi.org/10.48550/arXiv.2112.01871
Resonating Minds -- Emergent Collaboration Through Hierarchical Active Inference,"Jan Pöppel, Sebastian Kahl, Stefan Kopp",arxiv,2021,https://doi.org/10.48550/arXiv.2112.01210
Branching Time Active Inference: empirical study and complexity class analysis,"Théophile Champion, Howard Bowman, Marek Grześ",arxiv,2021,https://doi.org/10.48550/arXiv.2111.11276
Branching Time Active Inference: the theory and its generality,"Théophile Champion, Lancelot Da Costa, Howard Bowman, Marek Grześ",arxiv,2022,https://doi.org/10.48550/arXiv.2111.11107
Kalman filters as the steady-state solution of gradient descent on variational free energy,"Manuel Baltieri, Takuya Isomura",arxiv,2021,https://doi.org/10.48550/arXiv.2111.10530
Contrastive Active Inference,Contrastive Active Inference,arxiv,2024,https://doi.org/10.48550/arXiv.2110.10083
"Active inference, Bayesian optimal design, and expected utility","Noor Sajid, Lancelot Da Costa, Thomas Parr, Karl Friston",arxiv,2021,https://doi.org/10.48550/arXiv.2110.04074
Towards Stochastic Fault-tolerant Control using Precision Learning and Active Inference,"Mohamed Baioumy, Corrado Pezzato, Carlos Hernandez Corbato, Nick Hawes, Riccardo Ferrari",arxiv,2021,https://doi.org/10.48550/arXiv.2109.05870
On Solving a Stochastic Shortest-Path Markov Decision Process as Probabilistic Inference,"Mohamed Baioumy, Bruno Lacerda, Paul Duckworth, Nick Hawes",arxiv,2021,https://doi.org/10.48550/arXiv.2109.05866
Compositional Active Inference I: Bayesian Lenses. Statistical Games,Toby St. Clere Smithe,arxiv,2021,https://doi.org/10.48550/arXiv.2109.04461
Deep Active Inference for Pixel-Based Discrete Control: Evaluation on the Car Racing Problem,"Niels van Hoeffelen, Pablo Lanillos",arxiv,2021,https://doi.org/10.48550/arXiv.2109.04155
Robot Localization and Navigation through Predictive Processing using LiDAR,"Daniel Burghardt, Pablo Lanillos",arxiv,2021,https://doi.org/10.48550/arXiv.2109.04139
Active Inference and Epistemic Value in Graphical Models,"Thijs van de Laar, Magnus Koudahl, Bart van Erp, Bert de Vries",arxiv,2022,https://doi.org/10.48550/arXiv.2109.00541
Active Inference for Stochastic Control,"Aswin Paul, Noor Sajid, Manoj Gopalkrishnan, Adeel Razi",arxiv,2021,https://doi.org/10.48550/arXiv.2108.12245
Disentangling What and Where for 3D Object-Centric Representations Through Active Inference,"Toon Van de Maele, Tim Verbelen, Ozan Catal, Bart Dhoedt",arxiv,2021,https://doi.org/10.48550/arXiv.2108.11762
A computational theory for the production of limb movements,Emmanuel Guigon,arxiv,2021,https://doi.org/10.48550/arXiv.2107.00814
Applications of the Free Energy Principle to Machine Learning and Neuroscience,Beren Millidge,arxiv,2021,https://doi.org/10.48550/arXiv.2107.00140
A Unified View of Algorithms for Path Planning Using Probabilistic Inference on Factor Graphs,"Francesco A. N. Palmieri, Krishna R. Pattipati, Giovanni Di Gennaro, Giovanni Fioretti, Francesco Verolla, Amedeo Buonanno",arxiv,2021,https://doi.org/10.48550/arXiv.2106.10442
Goal-Directed Planning by Reinforcement Learning and Active Inference,"Dongqi Han, Kenji Doya, Jun Tani",arxiv,2021,https://doi.org/10.48550/arXiv.2106.09938
Online reinforcement learning with sparse rewards through an active inference capsule,"Alejandro Daniel Noel, Charel van Hoof, Beren Millidge",arxiv,2021,https://doi.org/10.48550/arXiv.2106.02390
Anomaly Detection via Controlled Sensing and Deep Active Inference,"Geethu Joseph, Chen Zhong, M. Cenk Gursoy, Senem Velipasalar, Pramod K. Varshney",arxiv,2021,https://doi.org/10.48550/arXiv.2105.06288
"Neuroscience-inspired perception-action in robotics: applying active inference for state estimation, control and self-perception","Pablo Lanillos, Marcel van Gerven",arxiv,2021,https://doi.org/10.48550/arXiv.2105.04261
Realising Active Inference in Variational Message Passing: the Outcome-blind Certainty Seeker,"Théophile Champion, Marek Grześ, Howard Bowman",arxiv,2021,https://doi.org/10.48550/arXiv.2104.11798
Trust as Extended Control: Active Inference and User Feedback During Human-Robot Collaboration,"Felix Schoeller, Mark Miller, Roy Salomon, Karl J. Friston",arxiv,2021,https://doi.org/10.48550/arXiv.2104.11153
Bidirectional Interaction between Visual and Motor Generative Models using Predictive Coding and Active Inference,"Louis Annabi, Alexandre Pitti, Mathias Quoy",arxiv,2021,https://doi.org/10.48550/arXiv.2104.09163
Fault-tolerant Control of Robot Manipulators with Sensory Faults using Unbiased Active Inference,"Mohamed Baioumy, Corrado Pezzato, Riccardo Ferrari, Carlos Hernandez Corbato, Nick Hawes",arxiv,2021,https://doi.org/10.48550/arXiv.2104.01817
An active inference model of collective intelligence,"Rafael Kaufmann, Pranav Gupta, Jacob Taylor",arxiv,2021,https://doi.org/10.48550/arXiv.2104.01066
Active Inference Tree Search in Large POMDPs,"Domenico Maisto, Francesco Gregoretti, Karl Friston, Giovanni Pezzulo",arxiv,2024,https://doi.org/10.48550/arXiv.2103.13860
Multimodal VAE Active Inference Controller,"Cristian Meo, Pablo Lanillos",arxiv,2021,https://doi.org/10.48550/arXiv.2103.04412
Leading or Following? Dyadic Robot Imitative Interaction Using the Active Inference Framework,"Nadine Wirkuttis, Jun Tani",arxiv,2021,https://arxiv.org/abs/2103.02137
Chance-Constrained Active Inference,"Thijs van de Laar, Ismail Senoz, Ayça Özçelikkale, Henk Wymeersch",arxiv,2021,https://doi.org/10.48550/arXiv.2102.08792
Prior Preference Learning from Experts: Designing a Reward with Active Inference,"Jin young Shin, Cheolhyeong Kim, Hyung Ju Hwang",arxiv,2021,https://doi.org/10.48550/arXiv.2101.08937
An empirical evaluation of active inference in multi-armed bandits,"Dimitrije Markovic, Hrvoje Stojic, Sarah Schwoebel, Stefan J. Kiebel",arxiv,2021,https://doi.org/10.48550/arXiv.2101.08699
Predictive Processing in Cognitive Robotics: a Review,"Alejandra Ciria, Guido Schillaci, Giovanni Pezzulo, Verena V. Hafner, Bruno Lara",arxiv,2021,https://doi.org/10.48550/arXiv.2101.06611
Active Inference and Behavior Trees for Reactive Action Planning and Execution in Robotics,"Corrado Pezzato, Carlos Hernandez Corbato, Stefan Bonhof, Martijn Wisse",arxiv,2022,https://doi.org/10.48550/arXiv.2011.09756
Episodic Memory for Learning Subjective-Timescale Models,"Alexey Zakharov, Matthew Crosby, Zafeirios Fountas",arxiv,2020,https://doi.org/10.48550/arXiv.2010.01430
Active Inference or Control as Inference? A Unifying View,"Joe Watson, Abraham Imohiosen, Jan Peters",arxiv,2020,https://doi.org/10.48550/arXiv.2010.00262
Reward Maximisation through Discrete Active Inference,"Lancelot Da Costa, Noor Sajid, Thomas Parr, Karl Friston, Ryan Smith",arxiv,2020,https://doi.org/10.48550/arXiv.2009.08111
Deep Active Inference for Partially Observable MDPs,"Otto van der Himst, Pablo Lanillos",arxiv,2020,https://doi.org/10.48550/arXiv.2009.03622
Online system identification in a Duffing oscillator by free energy minimisation,Wouter M Kouw,arxiv,2020,https://doi.org/10.48550/arXiv.2009.00845
Bayesian mechanics of perceptual inference and motor control in the brain,Chang Sub Kim,arxiv,2021,https://doi.org/10.48550/arXiv.2008.09927
A deep active inference model of the rubber-hand illusion,"Thomas Rood, Marcel van Gerven, Pablo Lanillos",arxiv,2020,https://doi.org/10.48550/arXiv.2008.07408
Abstracting Deep Neural Networks into Concept Graphs for Concept Level Interpretability,"Avinash Kori, Parth Natekar, Ganapathy Krishnamurthi, Balaji Srinivasan",arxiv,2020,https://doi.org/10.48550/arXiv.2008.06457
Neural and phenotypic representation under the free-energy principle,"Maxwell J. D. Ramstead, Casper Hesp, Alec Tschantz, Ryan Smith, Axel Constant, Karl Friston",arxiv,2020,https://doi.org/10.48550/arXiv.2008.03238
Modulation of viability signals for self-regulatory control,"Alvaro Ovalle, Simon M. Lucas",arxiv,2020,https://doi.org/10.48550/arXiv.2007.09297
Is the free-energy principle a formal theory of semantics? From variational density dynamics to neural and phenotypic representations,"Maxwell Ramstead, Karl Friston, Ines Hipolito",arxiv,2020,https://doi.org/10.48550/arXiv.2007.09291
Learning intuitive physics and one-shot imitation using state-action-prediction self-organizing maps,"Martin Stetter, Elmar W. Lang",arxiv,2021,https://doi.org/10.48550/arXiv.2007.01647
End-Effect Exploration Drive for Effective Motor Learning,Emmanuel Daucé,arxiv,2020,https://doi.org/10.48550/arXiv.2006.15960
Towards hybrid primary intersubjectivity: a neural robotics library for human science,"Hendry F. Chame, Ahmadreza Ahmadi, Jun Tani",arxiv,2020,https://doi.org/10.48550/arXiv.2006.15948
On the Relationship Between Active Inference and Control as Inference,"Beren Millidge, Alexander Tschantz, Anil K Seth, Christopher L Buckley",arxiv,2020,https://doi.org/10.48550/arXiv.2006.12964
Predictions in the eye of the beholder: an active inference account of Watt governors," Manuel Baltieri, Christopher L. Buckley, Jelle Bruineberg",arxiv,2020,https://doi.org/10.48550/arXiv.2006.11495
Deep active inference agents using Monte-Carlo methods,"Zafeirios Fountas, Noor Sajid, Pedro A. M. Mediano, Karl Friston",arxiv,2020,https://doi.org/10.48550/arXiv.2006.04176
Sophisticated Inference,"Karl Friston, Lancelot Da Costa, Danijar Hafner, Casper Hesp, Thomas Parr",arxiv,2020,https://doi.org/10.48550/arXiv.2006.04120
Goal-Directed Planning for Habituated Agents by Active Inference Using a Variational Recurrent Neural Network,"Takazumi Matsumoto, Jun Tani",arxiv,2020,https://doi.org/10.48550/arXiv.2005.14656
"On Kalman-Bucy filters, linear quadratic control and active inference","Manuel Baltieri, Christopher L. Buckley",arxiv,2020,https://doi.org/10.48550/arXiv.2005.06269
"Active Inference for Integrated State-Estimation, Control, and Learning","Mohamed Baioumy, Paul Duckworth, Bruno Lacerda, Nick Hawes",arxiv,2021,https://doi.org/10.48550/arXiv.2005.05894
The Two Kinds of Free Energy and the Bayesian Revolution,"Sebastian Gottwald, Daniel A. Braun",arxiv,2020,https://doi.org/10.48550/arXiv.2004.11763
A Bayesian perspective on classical control,Manuel Baltieri,arxiv,2020,https://doi.org/10.48550/arXiv.2004.10288
Deep Active Inference for Autonomous Robot Navigation,"Ozan Çatal, Samuel Wauthier, Tim Verbelen, Cedric De Boom, Bart Dhoedt",arxiv,2020,https://doi.org/10.48550/arXiv.2003.03220
Reinforcement Learning through Active Inference,"Alexander Tschantz, Beren Millidge, Anil K. Seth, Christopher L. Buckley",arxiv,2020,https://doi.org/10.48550/arXiv.2002.12636
"Investigation of the Sense of Agency in Social Cognition, based on frameworks of Predictive Coding and Active Inference: A simulation study on multimodal imitative interaction","Wataru Ohata, Jun Tani",arxiv,2020,https://doi.org/10.48550/arXiv.2002.01632
Learning Perception and Planning with Deep Active Inference,"Ozan Çatal, Tim Verbelen, Johannes Nauta, Cedric De Boom, Bart Dhoedt",arxiv,2020,https://doi.org/10.48550/arXiv.2001.11841
Neural dynamics under active inference: plausibility and efficiency of information processing,"Lancelot Da Costa, Thomas Parr, Biswa Sengupta, Karl Friston",arxiv,2021,https://doi.org/10.48550/arXiv.2001.08028
Text as Environment: A Deep Reinforcement Learning Text Readability Assessment Model,"Hamid Mohammadi, Seyed Hossein Khasteh, Tahereh Firoozi, Taha Samavati",arxiv,2023,https://doi.org/10.48550/arXiv.1912.05957
Bayesian Analogical Cybernetics,Adam Safron,arxiv,2019,https://doi.org/10.48550/arXiv.1911.02362
Cognitive and motor compliance in intentional human-robot interaction,"Hendry Ferreira Chame, Jun Tani",arxiv,2019,https://doi.org/10.48550/arXiv.1911.01753
Application of the Free Energy Principle to Estimation and Control,"Thijs van de Laar, Ayça Özçelikkale, Henk Wymeersch",arxiv,2020,https://doi.org/10.48550/arXiv.1910.09823
A Novel Adaptive Controller for Robot Manipulators based on Active Inference,"Corrado Pezzato, Riccardo Ferrari, Carlos Hernandez",arxiv,2019,https://doi.org/10.48550/arXiv.1909.12768
Bayesian policy selection using active inference,"Ozan Çatal, Johannes Nauta, Tim Verbelen, Pieter Simoens, Bart Dhoedt",arxiv,2019,https://doi.org/10.48550/arXiv.1904.08149
Nonmodular architectures of cognitive systems based on active inference,"Manuel Baltieri, Christopher L. Buckley",arxiv,2019,https://doi.org/10.48550/arXiv.1903.09542
Geometry of Friston's active inference,Martin Biehl,arxiv,2018,https://doi.org/10.48550/arXiv.1811.08241
Active Anomaly Detection with Switching Cost,"Fengfan Qin, Da Chen, Hui Feng, Qing Zhao, Tao Yang, Bo Hu",arxiv,2021,https://doi.org/10.48550/arXiv.1810.11800
Hybrid Active Inference,"André Ofner, Sebastian Stober",arxiv,2018,https://doi.org/10.48550/arXiv.1810.02647
"Learning, Planning, and Control in a Monolithic Neural Event Inference Architecture","Martin V. Butz, David Bilkey, Dania Humaidan, Alistair Knott, Sebastian Otte",arxiv,2019,https://doi.org/10.48550/arXiv.1809.07412
Expanding the Active Inference Landscape: More Intrinsic Motivations in the Perception-Action Loop,"Martin Biehl, Christian Guckelsberger, Christoph Salge, Simón C. Smith, Daniel Polani",arxiv,2018,https://doi.org/10.48550/arXiv.1806.08083
The modularity of action and perception revisited using control theory and active inference,"Manuel Baltieri, Christopher L. Buckley",arxiv,2018,https://doi.org/10.48550/arXiv.1806.02649
Being curious about the answers to questions: novelty search with learned attention,"Nicholas Guttenberg, Martin Biehl, Nathaniel Virgo, Ryota Kanai",arxiv,2018,https://doi.org/10.48550/arXiv.1806.00201
Active Inference for Adaptive BCI: application to the P300 Speller,"Jelena Mladenović, Jérémy Frey, Emmanuel Maby, Mateus Joffily, Fabien Lotte, Jeremie Mattout",arxiv,2018,https://doi.org/10.48550/arXiv.1805.09109
AFA-PredNet: The action modulation within predictive coding,"Junpei Zhong, Angelo Cangelosi, Xinzheng Zhang, Tetsuya Ogata",arxiv,2018,https://doi.org/10.48550/arXiv.1804.03826
Ideas from Developmental Robotics and Embodied AI on the Questions of Ethics in Robots,Alexandre Pitti,arxiv,2018,https://doi.org/10.48550/arXiv.1803.07506
Toward predictive machine learning for active vision,Emmanuel Daucé,arxiv,2017,https://doi.org/10.48550/arXiv.1710.10460
A Minimal Active Inference Agent,"Simon McGregor, Manuel Baltieri, Christopher L. Buckley",arxiv,2015,https://doi.org/10.48550/arXiv.1503.04187
An Active Inference Model of the Optimism Bias,"Elizabeth L Fisher , Jakob Hohwy , and Christopher J. Whyte",psyarxiv,2024,https://doi.org/10.31234/osf.io/xfb48
"Extending Minds, Shifting Boundaries: ambient technological environments as extended allostatic control","Ben White, Andy Clark, Avel GUÉNIN--CARLUT, Axel Constant, laura Desirée Di Paolo",psyarxiv,2024,https://doi.org/10.31234/osf.io/avjx4
A computational model of general suicide ideation,"Chunbo Li, Lingyu Li",psyarxiv,2024,https://doi.org/10.31234/osf.io/eg6zn
Infants Infer And Predict Coherent Event Interactions: Modeling Cognitive Development,"Birgit Elsner, Johanna K. Theuer, Nadine Koch, Martin V. Butz, Christian Gumbsch",psyarxiv,2024,https://doi.org/10.31234/osf.io/mqc9t
Burdening the Predictive Mind: A Predictive Processing Approach to Health-Related Burdens,"Paul Richard Smart, Nic Fair, Michael Boniface, Simon Fraser",psyarxiv,2024,https://doi.org/10.31234/osf.io/h8scp
An Active Inference Account of Stuttering Behavior,Evan Richard Usler,psyarxiv,2024,https://doi.org/10.31234/osf.io/uph5g_v2
Reflective Analysis on Empirical Theories in Consciousness,Hongju Pae,psyarxiv,2024,https://doi.org/10.31234/osf.io/pzrx8
"Is interesting knowledge a reward? An integrative model of emotion, reward and appraisal frameworks of epistemic curiosity.","David Sander, Catherine Audrin, Asli Erdemli",psyarxiv,2024,https://doi.org/10.31234/osf.io/kz2a7
Nothingness in Meditation: Making Sense of Emptiness and Cessation,"Ruben Eero Laukkonen, Vismay Agrawal",psyarxiv,2024,https://doi.org/10.31234/osf.io/tygdf
Active inference and speech motor control: a review and theory,"Clare Press, Abigail Bradshaw, Matthew H. Davis",psyarxiv,2024,https://doi.org/10.31234/osf.io/eq4kh
How preferences enslave attention: calling into question the endogenous/exogenous distinction from an active inference perspective,Darius Parvizi-Wayne,psyarxiv,2024,https://doi.org/10.31234/osf.io/u3j28
When the interoceptive and conceptual clash: the case of oppositional phenomenal self-modelling in Tourette Syndrome,"Liberty Severs, Darius Parvizi-Wayne",psyarxiv,2024,https://doi.org/10.31234/osf.io/65en8_v1
Towards an Active Inference Account of Deep Meditative Deconstruction,"Shawn Prest, Kevin Berryman",psyarxiv,2025,https://doi.org/10.31234/osf.io/d3gpf
"The computational unconscious: Adaptive narrative control, psychopathology, and subjective well-being","Robin Carhart-Harris, Lars Sandved-Smith, Jonas Mago, George Deane, Aikaterini Fotopoulou",psyarxiv,2024,https://doi.org/10.31234/osf.io/x7aew
Toward A Multiscale Account of Trust,"Philipp Kanske, Leonardo Christov-Moore, Alex Jinich-Diamant, Marco Iacoboni, Jonas Kaplan",psyarxiv,2024,https://doi.org/10.31234/osf.io/p2gwa
"Do model-based and model-free reinforcement learning correspond to goal-directed and habitual actions, respectively? A systematic review.",Xuan Yee,psyarxiv,2024,https://doi.org/10.31234/osf.io/qm3gp
Limb apraxia and active inference in the visuomotor pathways,"Riccardo Proietti, Ferdinand Binkofski, Alessia Tessari, Giovanni Pezzulo",psyarxiv,2024,https://doi.org/10.31234/osf.io/hz2an
Autism as a disorder of information synthesis,Tianwen Chen,psyarxiv,2024,https://doi.org/10.31234/osf.io/ds5hj
Forgetting Ourselves in Flow: An Active Inference Account of Flow States and How We Experience Ourselves Within Them,"Jakub Limanowski, Darius Parvizi-Wayne, Riddhi Jain Pitliya, Lars Sandved-Smith, Karl Friston",psyarxiv,2024,https://doi.org/10.31234/osf.io/bqf8c
"Less is more: A commentary on “Path integrals, particular kinds, and strange things” by Friston, Da Costa, Sakthivadivel, Heins, Pavliotis, Ramstead, and Parr","Jakob Hohwy, Lars Sandved-Smith",psyarxiv,2024,https://doi.org/10.31234/osf.io/dzfty
Narrative Fallacy and Other Limitations of Psychodynamic Case Formulation,Alexey Tolchinsky,psyarxiv,2024,https://doi.org/10.31234/osf.io/znxs5
Metaphors are embodied otherwise they would not be metaphors,Sergio Torres-Martínez,psyarxiv,2023,https://doi.org/10.31234/osf.io/9uxak
Simulating Active Inference of Interpersonal Context Within and Across Mental Disorders,"Winfried Rief, Janik Pawlowski, Dominik Endres, Anna-Lena Eckert, Lukas Kirchner",psyarxiv,2023,https://doi.org/10.31234/osf.io/8aexf
A Model of Agential Learning Using Active Inference,"Riddhi Jain Pitliya, Robin Murphy",psyarxiv,2023,https://doi.org/10.31234/osf.io/2gn54
The FEP+ Model of General Intelligence,Mark Ashton Smith,psyarxiv,2023,https://doi.org/10.31234/osf.io/65gzh
A Drive to Survive: the free energy principle and the meaning of life (draft),Kathryn Nave,psyarxiv,2023,https://doi.org/10.31234/osf.io/ds9mn_v1
Understanding Social Cognition with Delta-Rule Active Inference Learning,"Reza Ghaderi, Atiye Sarabi-Jamab, Amir Hossein Tehrani-Safa",psyarxiv,2023,https://doi.org/10.31234/osf.io/yjrdb
Counteracting Uncertainty: Exploring the Impact of Anxiety on Predictive Sensorimotor Control Mechanisms in a Manual Interception Task,"David Harris, Mark Wilson, Tom Arthur, Thomas Parsons, Ally Dill",psyarxiv,2023,https://doi.org/10.31234/osf.io/654h3
The power of insight: Psychedelics and the emergence of false beliefs,"Hilary Grimmer, Manoj Doss, H.T. McGovern, Philip R. Corlett, Brendan Hutchinson",psyarxiv,2023,https://doi.org/10.31234/osf.io/97gjw
Towards Understanding Persons and their Personalities with Cybernetic Big 5 Theory and the Free Energy Principle and Active Inference (FEP-AI) Framework,"Adam Safron, Zahra Sheikhbahaee",psyarxiv,2023,https://doi.org/10.31234/osf.io/kjzf7
Generating Meaning: Active Inference and the Scope and Limits of Passive AI,"Andy Clark, Karl Friston, Paul Cisek, Giovanni Pezzulo, Thomas Parr",psyarxiv,2023,https://doi.org/10.31234/osf.io/8xgzv
The relationship between environmental statistics and predictive gaze behaviour during a manual interception task: Eye movements as active inference,"David Harris, Tom Arthur, Mark Wilson, Sam Vine",psyarxiv,2023,https://doi.org/10.31234/osf.io/bhd3w
Deep CANALs: A Deep Learning Approach to Refining the Canalization Theory of Psychopathology,"Arthur Juliani, Adam Safron, Ryota Kanai",psyarxiv,2023,https://doi.org/10.31234/osf.io/uxmz6
Nested Selves: Self-Organisation and Shared Markov Blankets in Prenatal Development in Humans,"Anna Ciaunica, Fernando E. Rosas, Karl Friston, Michael Levin",psyarxiv,2023,https://doi.org/10.31234/osf.io/g8q5d
The inner screen model of consciousness: applying the free energy principle directly to the study of conscious experience,"Karl Friston, Chris Fields, Adam Safron, Alex Kiefer, Maxwell James Ramstead",psyarxiv,2023,https://doi.org/10.31234/osf.io/6afs3
Survival Decisions in a Multidimensional World,"Karl Friston, Dean Mobbs, Sarah Tashjian, Toby Wise, Drew Headley",psyarxiv,2023,https://doi.org/10.31234/osf.io/jkmpq
Synergizing habits and goals with variational Bayes,"Jun Tani, Dongqi Han, Kenji Doya, Dongsheng Li",psyarxiv,2023,https://doi.org/10.31234/osf.io/v63yj
Resurrecting Gaia: Harnessing the Free Energy Principle to Preserve Life as We Know It,"Caspar Montgomery, ‪Inês Hipólito‬",psyarxiv,2023,https://doi.org/10.31234/osf.io/5tm9w
"Perceptual learning in humans: an active, top-down guided process",Heleen A Slagter,psyarxiv,2023,https://doi.org/10.31234/osf.io/urhq7
Body as first teacher: The role of rhythmic visceral dynamics in early cognitive development,"Daniel Feuerriegel, Kelsey Perrykkad, Jonathan E Robinson, Andrew W Corcoran",psyarxiv,2023,https://doi.org/10.31234/osf.io/mnu8b
Comprehensive Computational Simulation Framework for Atypical Development using Hierarchical Bayesian Neural Network Model,"Takashi Hanakawa, Jun Tani, Ahmadreza Ahmadi, Manabu Honda, Yuichi Yamashita",psyarxiv,2023,https://doi.org/10.31234/osf.io/tkrfj
Testing predictive coding theories of autism spectrum disorder using models of active inference,"Mark Brosnan, Gavin Buckingham, David Harris, Sam Vine, Mark Wilson",psyarxiv,2022,https://doi.org/10.31234/osf.io/zyfkn
The Therapeutic Alliance as Active Inference: the Role of Trust and Self-efficacy,Valery Krupnik,psyarxiv,2022,https://doi.org/10.31234/osf.io/z375t
The fast and the curious: Creative improvisation as action-oriented abduction,"Adam Linson, Andy Clark, Jay Schulkin",psyarxiv,2022,https://doi.org/10.31234/osf.io/vpceu
To copy or not to copy? That is the question! From chimpanzees to the foundation of human technological culture,"Michael John Walker, Héctor Marín Manrique",psyarxiv,2022,https://doi.org/10.31234/osf.io/g5je4
Resilience and Active Inference,"Mahault Albarracin, Riddhi Jain Pitliya, Mark Miller, Claire Gorman, Jonas Mago",psyarxiv,2022,https://doi.org/10.31234/osf.io/vehq2
Task-evoked pupillary responses track precision-weighted prediction errors and learning rate during interceptive visuomotor actions,"Harith Rusydin Abd Rahman, Jiayi Liu, David Harris, Sam Vine, Mark Wilson",psyarxiv,2022,https://doi.org/10.31234/osf.io/x76uk
An active inference approach to second-person neuroscience,"Karl Friston, Dimitris Bolis, Philipp Kanske, Konrad Lehmann, Maxwell James Ramstead",psyarxiv,2022,https://doi.org/10.31234/osf.io/6y5ve
Value Cores for Inner and Outer Alignment: Simulating Personality Formation via Iterated Policy Selection and Preference Learning with Self-World Modeling Active Inference Agents,"Zahra Sheikhbahaee, Nick Hay, Jeff Orchard, Jesse Hoey, Adam Safron",psyarxiv,2022,https://doi.org/10.31234/osf.io/k4cas
Better Safe than Sorry? - An Active Inference Approach to Biased Social Inference in Depression,"Benjamin Straube, Winfried Rief, Lukas Kirchner, Anna-Lena Eckert, Max Berg",psyarxiv,2022,https://doi.org/10.31234/osf.io/bp9re
Sensorimotor Synchronization Increases Groove,"Anne Danielsen, Bruno Laeng, Connor Spiech, George Sioros, Guilherme Schmidt Câmara",psyarxiv,2022,https://doi.org/10.31234/osf.io/fw7mh
A computational neuroscience perspective on subjective wellbeing within the active inference framework,"Susumu Nagayama, Ryan Smith, Yoshiki Ishikawa, Takuya Kitagawa, Managi Shunsuke",psyarxiv,2022,https://doi.org/10.31234/osf.io/dpuac
"Active inference, morphogenesis, and computational psychiatry","Franz Kuchling, Léo Pio-Lopez, Angela Tung, Giovanni Pezzulo, Michael Levin",psyarxiv,2022,https://doi.org/10.31234/osf.io/4gp6c
On religious practices as multiscale active inference: Certainties emerging from recurrent interactions within and across individuals and groups,"‪Inês Hipólito‬, Casper Hesp",psyarxiv,2022,https://doi.org/10.31234/osf.io/t9632
"AIXI, FEP-AI, and integrated world models: Towards a unified understanding of intelligence and consciousness",Adam Safron,psyarxiv,2022,https://doi.org/10.31234/osf.io/4qkjp
CogNGen: Constructing the kernel of a hyperdimensional predictive processing cognitive architecture,"M. Alex Kelly, Alexander G. Ororbia",psyarxiv,2022,https://doi.org/10.31234/osf.io/g6hf4
Competency in Navigating Arbitrary Spaces: Intelligence as an Invariant for Analyzing Cognition in Diverse Embodiments,"Chris Fields, Michael Levin",psyarxiv,2022,https://doi.org/10.31234/osf.io/87nzu
Disintegrating and Reintegrating the Self – (In)Flexible Self-Models in Depersonalisation and Psychedelic Experiences,"Adam Safron, Anna Ciaunica",psyarxiv,2022,https://doi.org/10.31234/osf.io/mah78
Why Bayesian brains perform poorly on explicit probabilistic reasoning problems,"Alex Kiefer, Maxwell James Ramstead, Ryan Smith",psyarxiv,2022,https://doi.org/10.31234/osf.io/hne9s
Investigating how explicit contextual cues affect predictive sensorimotor control in autistic adults.,"Genevieve Williams, Mark Brosnan, Gavin Buckingham, David Harris, Sam Vine",psyarxiv,2022,https://doi.org/10.31234/osf.io/uvshk
"The Map, the Territory and the Cartographer – Linking the ‘Pure’ Formal Models to the ‘Murky’ Material World",Anna Ciaunica,psyarxiv,2022,https://doi.org/10.31234/osf.io/483pw
"Enough blanket metaphysics, time for data-driven heuristics","Tomasz Korbak, Wiktor Rorot, Marcin Miłkowski, Piotr Litwin",psyarxiv,2022,https://doi.org/10.31234/osf.io/9r4np
Who tailors the blanket?,"Kengo Miyazono, Katsunori Miyahara, Keisuke Suzuki",psyarxiv,2022,https://doi.org/10.31234/osf.io/2sryv
The Emperor Has No Blanket!,"Michael Anderson, Vicente Raja, Anthony Chemero, Edward Baggs",psyarxiv,2022,https://doi.org/10.31234/osf.io/scg59
"Making life &amp; mind as clear as possible, but not clearer",Alex Gomez-Marin,psyarxiv,2022,https://doi.org/10.31234/osf.io/wa4k3
"Does the metaphysical dog wag its formal tail? The free energy principle and philosophical debates about life, mind, and matter.",Wanja Wiese,psyarxiv,2022,https://doi.org/10.31234/osf.io/nbv2u
Active inference unifies intentional and conflict-resolution imperatives of motor control,"Pablo Lanillos, Giovanni Pezzulo, Antonella Maselli",psyarxiv,2021,https://doi.org/10.31234/osf.io/9chs2
"An active inference model of hierarchical action understanding, learning and imitation","Riccardo Proietti, Alessia Tessari, Giovanni Pezzulo",psyarxiv,2021,https://doi.org/10.31234/osf.io/ms95f
Oversampled and undersolved: Depressive rumination from an active inference perspective,"Lukas Kirchner, Tobias Kube, Matthias Feldmann, Max Berg",psyarxiv,2021,https://doi.org/10.31234/osf.io/va9c3
"Preferences need inferences: Learning, valuation, and curiosity in aesthetic experience","Jo Bervoets, Agnes Moors, Sander Van de Cruys",psyarxiv,2021,https://doi.org/10.31234/osf.io/zh6nt
Allostasis as a core feature of hierarchical gradients in the human brain,"Lisa Feldman Barrett, Yuta Katsumi, Jordan Theriault, Karen Quigley",psyarxiv,2021,https://doi.org/10.31234/osf.io/wezv8
An Active Inference Model of Conscious Access: How Cognitive Action Selection Reconciles the Results of Report and No-Report Paradigms,"Christopher J. Whyte, Ryan Smith, Jakob Hohwy",psyarxiv,2021,https://doi.org/10.31234/osf.io/mkzx8
Meditative in-action: an endogenous epistemic venture,"Giuseppe Pagnoni, Fausto Taiten Guareschi",psyarxiv,2021,https://doi.org/10.31234/osf.io/mdbgq
Respiratory Rhythms of the Predictive Mind,"Micah Allen, Somogy Varga, Detlef H Heck",psyarxiv,2021,https://doi.org/10.31234/osf.io/38bpw
Dream to explore: 5-HT2a as adaptive temperature parameter for sophisticated affective inference,"Adam Safron, Zahra Sheikhbahaee",psyarxiv,2021,https://doi.org/10.31234/osf.io/zmpaq
An active inference account of skilled anticipation in sport: Using computational models to formalise theory and generate new hypotheses,"Sam Vine, David Broadbent, Oliver Runswick, Mark Wilson, Tom Arthur",psyarxiv,2021,https://doi.org/10.31234/osf.io/2x3kg
Predictive eye movements are adjusted in a Bayes-optimal fashion in response to unexpectedly changing environmental probabilities,"Tom Arthur, David Harris",psyarxiv,2021,https://doi.org/10.31234/osf.io/eh987
An active inference perspective on the negative symptoms of schizophrenia,"Prof Michael Breakspear, Jayson Jeganathan",psyarxiv,2021,https://doi.org/10.31234/osf.io/arhe2
"Active inference, selective attention, and the cocktail party problem","Timothy D Griffiths, Karl Friston, Emma Holmes, Thomas Parr",psyarxiv,2021,https://doi.org/10.31234/osf.io/2rzu5
Active inference models do not contradict folk psychology,"Ryan Smith, Alex Kiefer, Maxwell Ramstead",psyarxiv,2021,https://doi.org/10.31234/osf.io/kr5xf
What might interoceptive inference reveal about consciousness?,"Niia Nikolova, Karl Friston, Micah Allen, Peter Thestrup Waade",psyarxiv,2021,https://doi.org/10.31234/osf.io/9vxdg
Natural language syntax complies with the free-energy principle,"Elliot Murphy, Karl Friston, Emma Holmes",psyarxiv,2021,https://doi.org/10.31234/osf.io/r3fcx
On the degrees of freedom worth having: psychedelics as means of understanding and expanding free will,Adam Safron,psyarxiv,2021,https://doi.org/10.31234/osf.io/m2p6g
I overthink—therefore I am not: An Active Inference Account of Altered Sense of Self and Agency in Depersonalisation Disorder,"Karl Friston, Anil Seth, Jakub Limanowski, Casper Hesp, Anna Ciaunica",psyarxiv,2021,https://doi.org/10.31234/osf.io/k9d2n
Emergent Goal-Anticipatory Gaze in Infants via Event-Predictive Learning and Inference,"Birgit Elsner, Christian Gumbsch, Maurits Adam, Martin V. Butz",psyarxiv,2021,https://doi.org/10.31234/osf.io/9g8uj
"Keeping the Breath in Mind: Respiration, Neural Oscillations and the Free Energy Principle","Ezgi Kayhan, Asena Boyadzhieva",psyarxiv,2020,https://doi.org/10.31234/osf.io/8fm2r
Evidence for entropy maximisation in human free choice behaviour,"Giovanni Pezzulo, Ross Cunnington, Gian Luca Lancia, Mattia Eluchans, Natalie Rens",psyarxiv,2020,https://doi.org/10.31234/osf.io/3ntku
An examination of active inference in autistic adults using immersive virtual reality,"Sam Vine, Tom Arthur, Genevieve Williams, Mark Brosnan, David Harris",psyarxiv,2020,https://doi.org/10.31234/osf.io/x52ed
Long-term stability of computational parameters during approach-avoidance conflict in a transdiagnostic psychiatric patient sample,"Rayus Kuplicki, Samuel Taylor, Ryan Smith, James Touthang, Martin Paulus",psyarxiv,2020,https://doi.org/10.31234/osf.io/bsuh8
The neural correlates of consciousness under the free energy principle: From computational correlates to computational explanation,"Wanja Wiese, Karl Friston",psyarxiv,2020,https://doi.org/10.31234/osf.io/7gefk
Gender fluidity as affordance negotiation,"Pierre Poirier, Mahault Albarracin",psyarxiv,2020,https://doi.org/10.31234/osf.io/kgrcq
Integrating Cybernetic Big Five Theory with the Free Energy Principle: A new strategy for modeling personalities as complex systems,"Adam Safron, Colin G. DeYoung",psyarxiv,2020,https://doi.org/10.31234/osf.io/653wp
Integrated World Modeling Theory (IWMT) Implemented: Towards Reverse Engineering Consciousness with the Free Energy Principle and Active Inference,Adam Safron,psyarxiv,2020,https://doi.org/10.31234/osf.io/paz5j
A predictive processing account of card sorting: Fast proactive and reactive frontoparietal cortical dynamics during inference and learning of perceptual categories,Francisco Barcelo,psyarxiv,2020,https://doi.org/10.31234/osf.io/zsw3t
Narrative as active inference,"Karl Friston, Maxwell Ramstead, Nabil Bouizegarene, Axel Constant, Laurence Kirmayer",psyarxiv,2020,https://doi.org/10.31234/osf.io/47ub6
Simulating the computational mechanisms of cognitive and behavioral psychotherapeutic interventions: Insights from active inference,"Edda Bilek, Ryan Smith, Michael Moutoussis",psyarxiv,2020,https://doi.org/10.31234/osf.io/8m62p
Predictive processing as a systematic basis for identifying the neural correlates of consciousness,"Jakob Hohwy, Anil Seth",psyarxiv,2020,https://doi.org/10.31234/osf.io/nd82g
Towards a computational (neuro)phenomenology of mental action: modelling meta-awareness and attentional control with deep-parametric active inference,"Karl Friston, Jérémie Mattout, Casper Hesp, Antoine Lutz, Maxwell James Ramstead",psyarxiv,2020,https://doi.org/10.31234/osf.io/5jh3c
Bayesian Preference Inference in Dialogue,"Asya Achimova, Martin V. Butz, Ellas Eisemann",psyarxiv,2020,https://doi.org/10.31234/osf.io/ytkaj
Curious inferences: Reply to Sun &amp; Firestone on the Dark Room Problem,"Beren Millidge, Anil Seth, Christopher Buckley, Alexander Tschantz",psyarxiv,2020,https://doi.org/10.31234/osf.io/w8y9p
Greater decision uncertainty characterizes a transdiagnostic patient sample during approach-avoidance conflict: a computational modeling approach,"Sahib S. Khalsa, Rayus Kuplicki, Martin Paulus, Jennifer Stewart, Namik Kirlic",psyarxiv,2020,https://doi.org/10.31234/osf.io/t2dhn
Imprecise Action Selection in Substance Use Disorder: Evidence for Active Learning Impairments When Solving the Explore-Exploit Dilemma,"Rayus Kuplicki, Hamed Ekhtiari, Philipp Schwartenbeck, Ryan Smith, Martin Paulus",psyarxiv,2020,https://doi.org/10.31234/osf.io/a794k
"Generative models, language and active inference","Karl Friston, Emma Holmes, Thomas Parr, Yan Yufik, Cathy J. Price",psyarxiv,2020,https://doi.org/10.31234/osf.io/4j2k6
Unravelling the Neurobiology of Interoceptive Inference,Micah Allen,psyarxiv,2020,https://doi.org/10.31234/osf.io/7xgkr
An Integrated World Modeling Theory (IWMT) of consciousness: Combining Integrated Information and Global Neuronal Workspace Theories with the Free Energy Principle and Active Inference Framework; towards solving the Hard problem and characterizing agentic causation,Adam Safron,psyarxiv,2019,https://doi.org/10.31234/osf.io/j7n98
Integrated World Modeling Theory (IWMT) Revisited,Adam Safron,psyarxiv,2019,https://doi.org/10.31234/osf.io/kjngh
The Radically Embodied Conscious Cybernetic Bayesian Brain: From Free Energy to Free Will and Back Again,Adam Safron,psyarxiv,2019,https://doi.org/10.31234/osf.io/udc42
‘Through others we become ourselves’: The dialectics of predictive coding and active inference,"Dimitris Bolis, Leonhard Schilbach",psyarxiv,2019,https://doi.org/10.31234/osf.io/6uwyn
A Computational Theory of Mindfulness Based Cognitive Therapy from the “Bayesian Brain” Perspective,"Sandra Iglesias, Zina-Mary Manjaly",psyarxiv,2019,https://doi.org/10.31234/osf.io/qu5gb
"The dark room problem in predictive processing and active inference, a legacy of cognitivism?","Christopher Buckley, Manuel Baltieri",psyarxiv,2019,https://doi.org/10.31234/osf.io/p4z8f
Neurocomputational Theories of Homeostatic Control,"Oliver J Hulme, Boris Gutkin, Thobias Morville",psyarxiv,2019,https://doi.org/10.31234/osf.io/s2q46
Why use predictive processing to explain psychopathology? The case of anorexia nervosa,"Jakob Hohwy, Stephen Gadsby",psyarxiv,2019,https://doi.org/10.31234/osf.io/y46z5
Retrospective surprise: A computational component for active inference,"Kentaro Katahira, Tsukasa Okimura, Yuichi Yamashita, Yoshihiko Kunisato",psyarxiv,2019,https://doi.org/10.31234/osf.io/jtnqg
Combining Active Inference and Hierarchical Predictive Coding: A Tutorial Introduction and Case Study,Beren Millidge,psyarxiv,2019,https://doi.org/10.31234/osf.io/kf6wc
Implementing Predictive Processing and Active Inference: Preliminary Steps and Results,Beren Millidge,psyarxiv,2019,https://doi.org/10.31234/osf.io/4hb58
From aliens to invisible limbs: The transitions that never make it into conscious experience,Jaan Aru,psyarxiv,2018,https://doi.org/10.31234/osf.io/rbauz
Being a beast machine: The somatic basis of selfhood,"Manos Tsakiris, Anil Seth",psyarxiv,2018,https://doi.org/10.31234/osf.io/6snfm
"Interoceptive Accuracy Moderates the Glycaemic, Autonomic and Subjective Response to a Glucose Load: A Test of the Predictive Coding Framework","David Benton, Hayley Young",psyarxiv,2018,https://doi.org/10.31234/osf.io/x3uyq
Being a beast machine: The origins of selfhood in control-oriented interoceptive inference,Anil Seth,psyarxiv,2018,https://doi.org/10.31234/osf.io/vg5da
Insight and the selection of ideas,"Carola Salvi, Jonathan Schooler, Jason M Tangen, Margaret E Webb, Heleen A Slagter",psyarxiv,2018,https://doi.org/10.31234/osf.io/ez3tn