Title,Authors,Chapter Ref,Archive,Notes
Navigating Autonomous Vehicle on Unmarked Roads with Diffusion-Based Motion Prediction and Active Inference,"[Yufei Huang, Yulin Li, Andrea Matta, Mohsen Jafari]",,ArXiv,
An Active Inference Agent for Simulating Human Translation Processes in a Hierarchical Architecture: Integrating the Task Segment Framework and the HOF taxonomy,[Michael Carl],,ArXiv,
The emergence of the width of subjective temporality: the self-simulational theory of temporal extension from the perspective of the free energy principle,[Jan Erik Bellingrath],,ArXiv,
Development of Compositionality and Generalization through Interactive Learning of Language and Action of Robots,"[Prasanna Vijayaraghavan, Jeffrey Frederic Queisser, Sergio Verduzco Flores, Jun Tani]",,ArXiv,
Self-Supervised Path Planning in UAV-aided Wireless Networks based on Active Inference,"[Ali Krayani, Khalid Khan, Lucio Marcenaro, Mario Marchese, Carlo Regazzoni]",,ArXiv,
On Predictive planning and counterfactual learning in active inference,"[Aswin Paul, Takuya Isomura, Adeel Razi]",,ArXiv,
Enabling self-identification in intelligent agent: insights from computational psychoanalysis,"[Lingyu Li, Chunbo Li]",,ArXiv,
Reframing the Expected Free Energy: Four Formulations and a Unification,"[Théophile Champion, Howard Bowman, Dimitrije Marković, Marek Grześ]","[9, 11]",ArXiv,Check out
Dynamic planning in hierarchical active inference,"[Matteo Priorelli, Ivilin Peev Stoianov]",,ArXiv,
Hierarchical hybrid modeling for flexible tool use,"[Matteo Priorelli, Ivilin Peev Stoianov]",,ArXiv,
A call for embodied AI,"[Giuseppe Paolo, Jonas Gonzalez-Billandon, Balázs Kégl]",,ArXiv,
Active Inference as a Model of Agency,"[Lancelot Da Costa, Samuel Tenka, Dominic Zhao, Noor Sajid]",,ArXiv,
Active Inference Demonstrated with Artificial Spin Ice,"[Robert L. Stamps, Rehana Begum Popy, Johan van Lierop]",[15],ArXiv,
Observation-Augmented Contextual Multi-Armed Bandits for Robotic Exploration with Uncertain Semantic Data,"[Shohei Wakayama, Nisar Ahmed]",,ArXiv,
Active Inference and Intentional Behaviour,"[Karl J. Friston, Tommaso Salvatori, Takuya Isomura, Alexander Tschantz, Alex Kiefer, Tim Verbelen, Magnus Koudahl, Aswin Paul, Thomas Parr, Adeel Razi, Brett Kagan, Christopher L. Buckley, Maxwell J. D. Ramstead]",,ArXiv,
Spatial and Temporal Hierarchy for Autonomous Navigation using Active Inference in Minigrid Environment,"[Daria de Tinguy, Toon van de Maele, Tim Verbelen, Bart Dhoedt]",,ArXiv,
Multi-Modal MPPI and Active Inference for Reactive Task and Motion Planning,"[Yuezhe Zhang, Corrado Pezzato, Elia Trevisan, Chadi Salmi, Carlos Hernández Corbato, Javier Alonso-Mora]",,ArXiv,
Anomaly Detection via Learning-Based Sequential Controlled Sensing,"[Geethu Joseph, Chen Zhong, M. Cenk Gursoy, Senem Velipasalar, Pramod K. Varshney]",,ArXiv,
Equilibrium in the Computing Continuum through Active Inference,"[Boris Sedlak, Victor Casamayor Pujol, Praveen Kumar Donta, Schahram Dustdar]",,ArXiv,
Tactile Active Inference Reinforcement Learning for Efficient Robotic Manipulation Skill Acquisition,"[Zihao Liu, Xing Liu, Yizhai Zhang, Zhengxiong Liu, Panfeng Huang]",,ArXiv,
Active Inference on the Edge: A Design Study,"[Boris Sedlak, Victor Casamayor Pujol, Praveen Kumar Donta, Schahram Dustdar]",,ArXiv,
Predictive Minds: LLMs As Atypical Active Inference Agents,"[Jan Kulveit, Clem von Stengel, Roman Leventov]",[15],ArXiv,LLMs
Resolving uncertainty on the fly: Modeling adaptive driving behavior as active inference,"[Johan Engström, Ran Wei, Anthony McDonald, Alfredo Garcia, Matt O'Kelly, Leif Johnson]",,ArXiv,
Understanding Tool Discovery and Tool Innovation Using Active Inference,"[Poppy Collis, Paul F Kinghorn, Christopher L Buckley]",,ArXiv,
Neural representation in active inference: using generative models to interact with -- and understand -- the lived world,"[Giovanni Pezzulo, Leo D'Amato, Francesco Mannella, Matteo Priorelli, Toon Van de Maele, Ivilin Peev Stoianov, Karl Friston]",,ArXiv,
Intelligent Resource Allocation for UAV-Based Cognitive NOMA Networks: An Active Inference Approach,"[Felix Obite, Ali Krayani, Atm S. Alam, Lucio Marcenaro, Arumugam Nallanathan, Carlo Regazzoni]",,ArXiv,
Modeling motor control in continuous-time Active Inference: a survey,"[Matteo Priorelli, Federico Maggiore, Antonella Maselli, Francesco Donnarumma, Domenico Maisto, Francesco Mannella, Ivilin Peev Stoianov, Giovanni Pezzulo]",,ArXiv,
Blind CT Image Quality Assessment Using DDPM-derived Content and Transformer-based Evaluator,"[Yongyi Shi, Wenjun Xia, Ge Wang, Xuanqin Mou]",,ArXiv,
Tactile-based Active Inference for Force-Controlled Peg-in-Hole Insertions,"[Tatsuya Kamijo, Ixchel G. Ramirez-Alpizar, Enrique Coronado, Gentiane Venture]",,ArXiv,
Active Inference for Sum Rate Maximization in UAV-Assisted Cognitive NOMA Networks,"[Felix Obite, Ali Krayani, Atm S. Alam, Lucio Marcenaro, Arumugam Nallanathan, Carlo Regazzoni]",,ArXiv,
Learning Spatial and Temporal Hierarchies: Hierarchical Active Inference for navigation in Multi-Room Maze Environments,"[Daria de Tinguy, Toon Van de Maele, Tim Verbelen, Bart Dhoedt]",,ArXiv,
An active inference model of Lacanian psychoanalysis,"[Lingyu Li, Chunbo Li]",,ArXiv,
Relative representations for cognitive graphs,"[Alex B. Kiefer, Christopher L. Buckley]",,ArXiv,
Bridging Cognitive Maps: a Hierarchical Active Inference Model of Spatial Alternation Tasks and the Hippocampal-Prefrontal Circuit,"[Toon Van de Maele, Bart Dhoedt, Tim Verbelen, Giovanni Pezzulo]",,ArXiv,
A Partially Observable Deep Multi-Agent Active Inference Framework for Resource Allocation in 6G and Beyond Wireless Communications Networks,"[Fuhui Zhou, Rui Ding, Qihui Wu, Derrick Wing Kwan Ng, Kai-Kit Wong, Naofal Al-Dhahir]",,ArXiv,Withdrawn
Integrating cognitive map learning and active inference for planning in ambiguous environments,"[Toon Van de Maele, Bart Dhoedt, Tim Verbelen, Giovanni Pezzulo]",,ArXiv,
Planning to Learn: A Novel Algorithm for Active Learning during Model-Based Planning,"[Rowan Hodson, Bruce Bassett, Charel van Hoof, Benjamin Rosman, Mark Solms, Jonathan P. Shock, Ryan Smith]",,ArXiv,
Integrating large language models and active inference to understand eye movements in reading and dyslexia,"[Francesco Donnarumma, Mirco Frosolone, Giovanni Pezzulo]",,ArXiv,
Empirical Translation Process Research: Past and Possible Future Perspectives,[Michael Carl],,ArXiv,Review
Active Inference in String Diagrams: A Categorical Account of Predictive Processing and Free Energy,"[Sean Tull, Johannes Kleiner, Toby St Clere Smithe]",,ArXiv,
Collective behavior from surprise minimization,"[Conor Heins, Beren Millidge, Lancelot da Costa, Richard Mann, Karl Friston, Iain Couzin]",,ArXiv,
Toward Design of Synthetic Active Inference Agents by Mere Mortals,[Bert de Vries],,ArXiv,
On efficient computation in active inference,"[Aswin Paul, Noor Sajid, Lancelot Da Costa, Adeel Razi]",,ArXiv,
An analytical model of active inference in the Iterated Prisoner's Dilemma,"[Daphne Demekas, Conor Heins, Brennan Klein]",,ArXiv,
Inferring Hierarchical Structure in Multi-Room Maze Environments,"[Daria de Tinguy, Toon Van de Maele, Tim Verbelen, Bart Dhoedt]",,ArXiv,
A Neural Network Implementation for Free Energy Principle,[Jingwei Liu],,ArXiv,
Active Inference in Hebbian Learning Networks,[Active Inference in Hebbian Learning Networks],,ArXiv,
Designing explainable artificial intelligence with active inference: A framework for transparent introspection and decision-making,"[Mahault Albarracin, Inês Hipólito, Safae Essafi Tremblay, Jason G. Fox, Gabriel René, Karl Friston, Maxwell J. D. Ramstead]",,ArXiv,
Active Inference-Based Optimization of Discriminative Neural Network Classifiers,[Faezeh Fallah],,ArXiv,
Modeling the sense of presence of remote participants in hybrid communication and its application to the design of avatar robot behavior,"[Takuma Miyaguchi, Hideyoshi Yanagisawa]",,ArXiv,
Symmetry and Complexity in Object-Centric Deep Active Inference Models,"[Stefano Ferraro, Toon Van de Maele, Tim Verbelen, Bart Dhoedt]",,ArXiv,
Influence of the Geometry of the world model on Curiosity Based Exploration,"[Grégoire Sergeant-Perthuis, Nils Ruet, David Rudrauf, Dimitri Ognibene, Yvain Tisserand]",,ArXiv,
An active inference model of car following: Advantages and applications,"[Ran Wei, Anthony D. McDonald, Alfredo Garcia, Gustav Markkula, Johan Engstrom, Matthew O'Kelly]",,ArXiv,
A variational synthesis of evolutionary and developmental dynamics,"[Karl Friston, Daniel Ari Friedman, Axel Constant, V. Bleu Knight, Thomas Parr, John O. Campbell]",,ArXiv,
Control flow in active inference systems,"[Chris Fields, Filippo Fabrocini, Karl Friston, James F. Glazebrook, Hananel Hazan, Michael Levin, Antonino Marciano]",,ArXiv,
Object-Centric Scene Representations using Active Inference,"[Toon Van de Maele, Tim Verbelen, Pietro Mazzaglia, Stefano Ferraro, Bart Dhoedt]",,ArXiv,
World Models and Predictive Coding for Cognitive and Developmental Robotics: Frontiers and Challenges,"[Tadahiro Taniguchi, Shingo Murata, Masahiro Suzuki, Dimitri Ognibene, Pablo Lanillos, Emre Ugur, Lorenzo Jamone, Tomoaki Nakamura, Alejandra Ciria, Bruno Lara, Giovanni Pezzulo]",,ArXiv,
Mathematical Foundations for a Compositional Account of the Bayesian Brain,[Toby St Clere Smithe],,ArXiv,
Active Inference and Reinforcement Learning: A unified inference on continuous state and action spaces under partial observability,"[Parvin Malekzadeh, Konstantinos N. Plataniotis]",,ArXiv,
Designing Ecosystems of Intelligence from First Principles,"[Karl J Friston, Maxwell J D Ramstead, Alex B Kiefer, Alexander Tschantz, Christopher L Buckley, Mahault Albarracin, Riddhi J Pitliya, Conor Heins, Brennan Klein, Beren Millidge, Dalton A R Sakthivadivel, Toby St Clere Smithe, Magnus Koudahl, Safae Essafi Tremblay, Capm Petersen, Kaiser Fung, Jason G Fox, Steven Swanson, Dan Mapes, Gabriel René]",,ArXiv,
Active Exploration based on Information Gain by Particle Filter for Efficient Spatial Concept Formation,"[Akira Taniguchi, Yoshiki Tabuchi, Tomochika Ishikawa, Lotfi El Hafi, Yoshinobu Hagiwara, Tadahiro Taniguchi]",,ArXiv,
A Neural Active Inference Model of Perceptual-Motor Learning,"[Zhizhuo Yang, Gabriel J. Diaz, Brett R. Fajen, Reynold Bailey, Alexander Ororbia]",,ArXiv,
Polynomial Life: the Structure of Adaptive Systems,[Toby St Clere Smithe],,ArXiv,
Natural Language Syntax Complies with the Free-Energy Principle,"[Elliot Murphy, Emma Holmes, Karl Friston]",,ArXiv,
Interactive inference: a multi-agent model of cooperative joint actions,"[Domenico Maisto, Francesco Donnarumma, Giovanni Pezzulo]",,ArXiv,
Blockchain-Based Decentralized Knowledge Marketplace Using Active Inference,"[Shashank Joshi, Arhan Choudhury]",[15],ArXiv,
Active Inference for Autonomous Decision-Making with Contextual Multi-Armed Bandits,"[Shohei Wakayama, Nisar Ahmed]",,ArXiv,
Disentangling Shape and Pose for Object-Centric Deep Active Inference Models,"[Stefano Ferraro, Toon Van de Maele, Pietro Mazzaglia, Tim Verbelen, Bart Dhoedt]",,ArXiv,
Learning Policies for Continuous Control via Transition Models,"[Justus Huebotter, Serge Thill, Marcel van Gerven, Pablo Lanillos]",,ArXiv,
Capsule Networks as Generative Models,"[Alex B. Kiefer, Beren Millidge, Alexander Tschantz, Christopher L. Buckley]",,ArXiv,
Efficient search of active inference policy spaces using k-means,"[Alex B. Kiefer, Mahault Albarracin]",,ArXiv,
Interpreting systems as solving POMDPs: a step towards a formal understanding of agency,"[Martin Biehl, Nathaniel Virgo]",,ArXiv,
Object-based active inference,"[Ruben S. van Bergen, Pablo L. Lanillos]",,ArXiv,
The Role of Valence and Meta-awareness in Mirror Self-recognition Using Hierarchical Active Inference,"[Jonathan Bauermeister, Pablo Lanillos]",,ArXiv,
Compositional Active Inference II: Polynomial Dynamics. Approximate Inference Doctrines,[Toby St. Clere Smithe],,ArXiv,
Home Run: Finding Your Way Home by Imagining Trajectories,"[Daria de Tinguy, Pietro Mazzaglia, Tim Verbelen, Bart Dhoedt]",,ArXiv,
Deriving time-averaged active inference from control principles,"[Eli Sennesh, Jordan Theriault, Jan-Willem van de Meent, Lisa Feldman Barrett, Karen Quigley]",,ArXiv,
Mapping Husserlian phenomenology onto active inference,"[Mahault Albarracin, Riddhi J. Pitliya, Maxwell J. D. Ramstead, Jeffrey Yoshimi]",,ArXiv,
Learning Generative Models for Active Inference using Tensor Networks,"[Samuel T. Wauthier, Bram Vanhecke, Tim Verbelen, Bart Dhoedt]",,ArXiv,
A Novel Resource Allocation for Anti-jamming in Cognitive-UAVs: an Active Inference Approach,"[Ali Krayani, Atm S. Alam, Lucio Marcenaro, Arumugam Nallanathan, Carlo Regazzoni]",,ArXiv,
"One person's modus ponens...: Comment on ""The Markov blanket trick: On the scope of the free energy principle and active inference"" by Raja and colleagues (2021)",[Maxwell J. D Ramstead],,ArXiv,
Unbiased Active Inference for Classical Control,"[Mohamed Baioumy, Corrado Pezzato, Riccardo Ferrari, Nick Hawes]",,ArXiv,
Successor Representation Active Inference,"[Beren Millidge, Christopher L Buckley]",,ArXiv,
Spin glass systems as collective active inference,"[Conor Heins, Brennan Klein, Daphne Demekas, Miguel Aguilera, Christopher Buckley]",,ArXiv,
The Free Energy Principle for Perception and Action: A Deep Learning Perspective,"[Pietro Mazzaglia, Tim Verbelen, Ozan Çatal, Bart Dhoedt]",,ArXiv,Deep learning?
A Worked Example of the Bayesian Mechanics of Classical Objects,[Dalton A R Sakthivadivel],,ArXiv,
Multi-Modal and Multi-Factor Branching Time Active Inference,"[Théophile Champion, Marek Grześ, Howard Bowman]",,ArXiv,
Active Inference for Robotic Manipulation,"[Tim Schneider, Boris Belousov, Hany Abdulsamad, Jan Peters]",,ArXiv,
"Open Dynamical Systems as Coalgebras for Polynomial Functors, with Application to Predictive Processing",[Toby St. Clere Smithe],,ArXiv,
Free Energy Principle for the Noise Smoothness Estimation of Linear Systems with Colored Noise,"[Ajith Anil Meera, Martijn Wisse]",,ArXiv,
Free energy and inference in living systems,[Chang Sub Kim],,ArXiv,
"Geometric Methods for Sampling, Optimisation, Inference and Adaptive Agents","[Alessandro Barp, Lancelot Da Costa, Guilherme França, Karl Friston, Mark Girolami, Michael I. Jordan, Grigorios A. Pavliotis]",,ArXiv,
Inference of Affordances and Active Motor Control in Simulated Agents,"[Fedor Scholz, Christian Gumbsch, Sebastian Otte, Martin V. Butz]",,ArXiv,
Goal-directed Planning and Goal Understanding by Active Inference: Evaluation Through Simulated and Physical Robot Experiments,"[Takazumi Matsumoto, Wataru Ohata, Fabien C. Y. Benureau, Jun Tani]",,ArXiv,
pymdp: A Python library for active inference in discrete state spaces,"[Conor Heins, Beren Millidge, Daphne Demekas, Brennan Klein, Karl Friston, Iain Couzin, Alexander Tschantz]",,ArXiv,
Neurons as hierarchies of quantum reference frames,"[Chris Fields, James F. Glazebrook, Michael Levin]",,ArXiv,
"Social Neuro AI: Social Interaction as the ""dark matter"" of AI","[Samuele Bolotta, Guillaume Dumas]",,ArXiv,
Interpreting Dynamical Systems as Bayesian Reasoners,"[Nathaniel Virgo, Martin Biehl, Simon McGregor]",,ArXiv,
AIDA: An Active Inference-based Design Agent for Audio Processing Algorithms,"[Albert Podusenko, Bart van Erp, Magnus Koudahl, Bert de Vries]",,ArXiv,
"Insula Interoception, Active Inference and Feeling Representation","[Alan S. R. Fermin, Karl Friston, Shigeto Yamawaki]",,ArXiv,
Branching Time Active Inference with Bayesian Filtering,"[Théophile Champion, Marek Grześ, Howard Bowman]",,ArXiv,
Adaptation through prediction: multisensory active inference torque control,"[Cristian Meo, Giovanni Franzese, Corrado Pezzato, Max Spahn, Pablo Lanillos]",,ArXiv,
Active Inference in Robotics and Artificial Agents: Survey and Challenges,"[Pablo Lanillos, Cristian Meo, Corrado Pezzato, Ajith Anil Meera, Mohamed Baioumy, Wataru Ohata, Alexander Tschantz, Beren Millidge, Martijn Wisse, Christopher L. Buckley, Jun Tani]",,ArXiv,
Resonating Minds -- Emergent Collaboration Through Hierarchical Active Inference,"[Jan Pöppel, Sebastian Kahl, Stefan Kopp]",,ArXiv,
Branching Time Active Inference: empirical study and complexity class analysis,"[Théophile Champion, Howard Bowman, Marek Grześ]",,ArXiv,
Branching Time Active Inference: the theory and its generality,"[Théophile Champion, Lancelot Da Costa, Howard Bowman, Marek Grześ]",,ArXiv,
Kalman filters as the steady-state solution of gradient descent on variational free energy,"[Manuel Baltieri, Takuya Isomura]",[15],ArXiv,Equivalence
Contrastive Active Inference,[Contrastive Active Inference],,ArXiv,
"Active inference, Bayesian optimal design, and expected utility","[Noor Sajid, Lancelot Da Costa, Thomas Parr, Karl Friston]",,ArXiv,
Towards Stochastic Fault-tolerant Control using Precision Learning and Active Inference,"[Mohamed Baioumy, Corrado Pezzato, Carlos Hernandez Corbato, Nick Hawes, Riccardo Ferrari]",,ArXiv,
On Solving a Stochastic Shortest-Path Markov Decision Process as Probabilistic Inference,"[Mohamed Baioumy, Bruno Lacerda, Paul Duckworth, Nick Hawes]",,ArXiv,
Compositional Active Inference I: Bayesian Lenses. Statistical Games,[Toby St. Clere Smithe],,ArXiv,
Deep Active Inference for Pixel-Based Discrete Control: Evaluation on the Car Racing Problem,"[Niels van Hoeffelen, Pablo Lanillos]",,ArXiv,
Robot Localization and Navigation through Predictive Processing using LiDAR,"[Daniel Burghardt, Pablo Lanillos]",,ArXiv,
Active Inference and Epistemic Value in Graphical Models,"[Thijs van de Laar, Magnus Koudahl, Bart van Erp, Bert de Vries]",,ArXiv,
Active Inference for Stochastic Control,"[Aswin Paul, Noor Sajid, Manoj Gopalkrishnan, Adeel Razi]",,ArXiv,
Disentangling What and Where for 3D Object-Centric Representations Through Active Inference,"[Toon Van de Maele, Tim Verbelen, Ozan Catal, Bart Dhoedt]",,ArXiv,
A computational theory for the production of limb movements,[Emmanuel Guigon],,ArXiv,
Applications of the Free Energy Principle to Machine Learning and Neuroscience,[Beren Millidge],,ArXiv,Review
A Unified View of Algorithms for Path Planning Using Probabilistic Inference on Factor Graphs,"[Francesco A. N. Palmieri, Krishna R. Pattipati, Giovanni Di Gennaro, Giovanni Fioretti, Francesco Verolla, Amedeo Buonanno]",,ArXiv,
Goal-Directed Planning by Reinforcement Learning and Active Inference,"[Dongqi Han, Kenji Doya, Jun Tani]",,ArXiv,
Online reinforcement learning with sparse rewards through an active inference capsule,"[Alejandro Daniel Noel, Charel van Hoof, Beren Millidge]",,ArXiv,
Anomaly Detection via Controlled Sensing and Deep Active Inference,"[Geethu Joseph, Chen Zhong, M. Cenk Gursoy, Senem Velipasalar, Pramod K. Varshney]",,ArXiv,
"Neuroscience-inspired perception-action in robotics: applying active inference for state estimation, control and self-perception","[Pablo Lanillos, Marcel van Gerven]",,ArXiv,
Realising Active Inference in Variational Message Passing: the Outcome-blind Certainty Seeker,"[Théophile Champion, Marek Grześ, Howard Bowman]",,ArXiv,
Trust as Extended Control: Active Inference and User Feedback During Human-Robot Collaboration,"[Felix Schoeller, Mark Miller, Roy Salomon, Karl J. Friston]",,ArXiv,
Bidirectional Interaction between Visual and Motor Generative Models using Predictive Coding and Active Inference,"[Louis Annabi, Alexandre Pitti, Mathias Quoy]",,ArXiv,
Fault-tolerant Control of Robot Manipulators with Sensory Faults using Unbiased Active Inference,"[Mohamed Baioumy, Corrado Pezzato, Riccardo Ferrari, Carlos Hernandez Corbato, Nick Hawes]",,ArXiv,
An active inference model of collective intelligence,"[Rafael Kaufmann, Pranav Gupta, Jacob Taylor]",,ArXiv,
Active Inference Tree Search in Large POMDPs,"[Domenico Maisto, Francesco Gregoretti, Karl Friston, Giovanni Pezzulo]",,ArXiv,
Multimodal VAE Active Inference Controller,"[Cristian Meo, Pablo Lanillos]",,ArXiv,
Leading or Following? Dyadic Robot Imitative Interaction Using the Active Inference Framework,"[Nadine Wirkuttis, Jun Tani]",,ArXiv,
Chance-Constrained Active Inference,"[Thijs van de Laar, Ismail Senoz, Ayça Özçelikkale, Henk Wymeersch]",,ArXiv,
Prior Preference Learning from Experts: Designing a Reward with Active Inference,"[Jin young Shin, Cheolhyeong Kim, Hyung Ju Hwang]",[11],ArXiv,C vector learning
An empirical evaluation of active inference in multi-armed bandits,"[Dimitrije Markovic, Hrvoje Stojic, Sarah Schwoebel, Stefan J. Kiebel]",,ArXiv,
Predictive Processing in Cognitive Robotics: a Review,"[Alejandra Ciria, Guido Schillaci, Giovanni Pezzulo, Verena V. Hafner, Bruno Lara]",,ArXiv,
Active Inference and Behavior Trees for Reactive Action Planning and Execution in Robotics,"[Corrado Pezzato, Carlos Hernandez Corbato, Stefan Bonhof, Martijn Wisse]",,ArXiv,
Episodic Memory for Learning Subjective-Timescale Models,"[Alexey Zakharov, Matthew Crosby, Zafeirios Fountas]",,ArXiv,
Active Inference or Control as Inference? A Unifying View,"[Joe Watson, Abraham Imohiosen, Jan Peters]",[15],ArXiv,Equivalence
Reward Maximisation through Discrete Active Inference,"[Lancelot Da Costa, Noor Sajid, Thomas Parr, Karl Friston, Ryan Smith]",,ArXiv,
Deep Active Inference for Partially Observable MDPs,"[Otto van der Himst, Pablo Lanillos]",,ArXiv,
Online system identification in a Duffing oscillator by free energy minimisation,[Wouter M Kouw],,ArXiv,
Bayesian mechanics of perceptual inference and motor control in the brain,[Chang Sub Kim],,ArXiv,
A deep active inference model of the rubber-hand illusion,"[Thomas Rood, Marcel van Gerven, Pablo Lanillos]",,ArXiv,
Abstracting Deep Neural Networks into Concept Graphs for Concept Level Interpretability,"[Avinash Kori, Parth Natekar, Ganapathy Krishnamurthi, Balaji Srinivasan]",,ArXiv,
Neural and phenotypic representation under the free-energy principle,"[Maxwell J. D. Ramstead, Casper Hesp, Alec Tschantz, Ryan Smith, Axel Constant, Karl Friston]",,ArXiv,
Modulation of viability signals for self-regulatory control,"[Alvaro Ovalle, Simon M. Lucas]",,ArXiv,
Is the free-energy principle a formal theory of semantics? From variational density dynamics to neural and phenotypic representations,"[Maxwell Ramstead, Karl Friston, Ines Hipolito]",,ArXiv,
Learning intuitive physics and one-shot imitation using state-action-prediction self-organizing maps,"[Martin Stetter, Elmar W. Lang]",,ArXiv,
End-Effect Exploration Drive for Effective Motor Learning,[Emmanuel Daucé],,ArXiv,
Towards hybrid primary intersubjectivity: a neural robotics library for human science,"[Hendry F. Chame, Ahmadreza Ahmadi, Jun Tani]",,ArXiv,
On the Relationship Between Active Inference and Control as Inference,"[Beren Millidge, Alexander Tschantz, Anil K Seth, Christopher L Buckley]",[15],ArXiv,Equivalence
Predictions in the eye of the beholder: an active inference account of Watt governors,"[ Manuel Baltieri, Christopher L. Buckley, Jelle Bruineberg]",,ArXiv,
Deep active inference agents using Monte-Carlo methods,"[Zafeirios Fountas, Noor Sajid, Pedro A. M. Mediano, Karl Friston]",,ArXiv,
Sophisticated Inference,"[Karl Friston, Lancelot Da Costa, Danijar Hafner, Casper Hesp, Thomas Parr]",,ArXiv,
Goal-Directed Planning for Habituated Agents by Active Inference Using a Variational Recurrent Neural Network,"[Takazumi Matsumoto, Jun Tani]",,ArXiv,
"On Kalman-Bucy filters, linear quadratic control and active inference","[Manuel Baltieri, Christopher L. Buckley]",[15],ArXiv,Equivalence
"Active Inference for Integrated State-Estimation, Control, and Learning","[Mohamed Baioumy, Paul Duckworth, Bruno Lacerda, Nick Hawes]",,ArXiv,
The Two Kinds of Free Energy and the Bayesian Revolution,"[Sebastian Gottwald, Daniel A. Braun]",,ArXiv,
A Bayesian perspective on classical control,[Manuel Baltieri],[15],ArXiv,Equivalence
Deep Active Inference for Autonomous Robot Navigation,"[Ozan Çatal, Samuel Wauthier, Tim Verbelen, Cedric De Boom, Bart Dhoedt]",,ArXiv,
Reinforcement Learning through Active Inference,"[Alexander Tschantz, Beren Millidge, Anil K. Seth, Christopher L. Buckley]",[15],ArXiv,Equivalence
"Investigation of the Sense of Agency in Social Cognition, based on frameworks of Predictive Coding and Active Inference: A simulation study on multimodal imitative interaction","[Wataru Ohata, Jun Tani]",,ArXiv,
Learning Perception and Planning with Deep Active Inference,"[Ozan Çatal, Tim Verbelen, Johannes Nauta, Cedric De Boom, Bart Dhoedt]",,ArXiv,
Neural dynamics under active inference: plausibility and efficiency of information processing,"[Lancelot Da Costa, Thomas Parr, Biswa Sengupta, Karl Friston]",,ArXiv,
Text as Environment: A Deep Reinforcement Learning Text Readability Assessment Model,"[Hamid Mohammadi, Seyed Hossein Khasteh, Tahereh Firoozi, Taha Samavati]",,ArXiv,
Bayesian Analogical Cybernetics,[Adam Safron],,ArXiv,Review
Cognitive and motor compliance in intentional human-robot interaction,"[Hendry Ferreira Chame, Jun Tani]",,ArXiv,
Application of the Free Energy Principle to Estimation and Control,"[Thijs van de Laar, Ayça Özçelikkale, Henk Wymeersch]",,ArXiv,
A Novel Adaptive Controller for Robot Manipulators based on Active Inference,"[Corrado Pezzato, Riccardo Ferrari, Carlos Hernandez]",,ArXiv,
Bayesian policy selection using active inference,"[Ozan Çatal, Johannes Nauta, Tim Verbelen, Pieter Simoens, Bart Dhoedt]",,ArXiv,
Nonmodular architectures of cognitive systems based on active inference,"[Manuel Baltieri, Christopher L. Buckley]",,ArXiv,
Geometry of Friston's active inference,[Martin Biehl],,ArXiv,
Active Anomaly Detection with Switching Cost,"[Fengfan Qin, Da Chen, Hui Feng, Qing Zhao, Tao Yang, Bo Hu]",,ArXiv,
Hybrid Active Inference,"[André Ofner, Sebastian Stober]",,ArXiv,
"Learning, Planning, and Control in a Monolithic Neural Event Inference Architecture","[Martin V. Butz, David Bilkey, Dania Humaidan, Alistair Knott, Sebastian Otte]",,ArXiv,
Expanding the Active Inference Landscape: More Intrinsic Motivations in the Perception-Action Loop,"[Martin Biehl, Christian Guckelsberger, Christoph Salge, Simón C. Smith, Daniel Polani]",,ArXiv,
The modularity of action and perception revisited using control theory and active inference,"[Manuel Baltieri, Christopher L. Buckley]",[15],ArXiv,Equivalence
Being curious about the answers to questions: novelty search with learned attention,"[Nicholas Guttenberg, Martin Biehl, Nathaniel Virgo, Ryota Kanai]",,ArXiv,
Active Inference for Adaptive BCI: application to the P300 Speller,"[Jelena Mladenović, Jérémy Frey, Emmanuel Maby, Mateus Joffily, Fabien Lotte, Jeremie Mattout]",,ArXiv,
AFA-PredNet: The action modulation within predictive coding,"[Junpei Zhong, Angelo Cangelosi, Xinzheng Zhang, Tetsuya Ogata]",,ArXiv,
Ideas from Developmental Robotics and Embodied AI on the Questions of Ethics in Robots,[Alexandre Pitti],,ArXiv,
Toward predictive machine learning for active vision,[Emmanuel Daucé],,ArXiv,
A Minimal Active Inference Agent,"[Simon McGregor, Manuel Baltieri, Christopher L. Buckley]",,ArXiv,
An Active Inference Model of the Optimism Bias,"[Elizabeth L Fisher , Jakob Hohwy , and Christopher J. Whyte]",,PsyArXiv,
"Extending Minds, Shifting Boundaries: ambient technological environments as extended allostatic control","[Ben White, Andy Clark, Avel GUÉNIN--CARLUT, Axel Constant, laura Desirée Di Paolo]",,PsyArXiv,
A computational model of general suicide ideation,"[Chunbo Li, Lingyu Li]",,PsyArXiv,
Infants Infer And Predict Coherent Event Interactions: Modeling Cognitive Development,"[Birgit Elsner, Johanna K. Theuer, Nadine Koch, Martin V. Butz, Christian Gumbsch]",,PsyArXiv,
Burdening the Predictive Mind: A Predictive Processing Approach to Health-Related Burdens,"[Paul Richard Smart, Nic Fair, Michael Boniface, Simon Fraser]",,PsyArXiv,
An Active Inference Account of Stuttering Behavior,[Evan Richard Usler],,PsyArXiv,
Reflective Analysis on Empirical Theories in Consciousness,[Hongju Pae],,PsyArXiv,
"Is interesting knowledge a reward? An integrative model of emotion, reward and appraisal frameworks of epistemic curiosity.","[David Sander, Catherine Audrin, Asli Erdemli]",,PsyArXiv,
Nothingness in Meditation: Making Sense of Emptiness and Cessation,"[Ruben Eero Laukkonen, Vismay Agrawal]",[15],PsyArXiv,Meditation
Active inference and speech motor control: a review and theory,"[Clare Press, Abigail Bradshaw, Matthew H. Davis]",,PsyArXiv,
How preferences enslave attention: calling into question the endogenous/exogenous distinction from an active inference perspective,[Darius Parvizi-Wayne],,PsyArXiv,
When the interoceptive and conceptual clash: the case of oppositional phenomenal self-modelling in Tourette Syndrome,"[Liberty Severs, Darius Parvizi-Wayne]",,PsyArXiv,
Towards an Active Inference Account of Deep Meditative Deconstruction,"[Shawn Prest, Kevin Berryman]",,PsyArXiv,
"The computational unconscious: Adaptive narrative control, psychopathology, and subjective well-being","[Robin Carhart-Harris, Lars Sandved-Smith, Jonas Mago, George Deane, Aikaterini Fotopoulou]",,PsyArXiv,
Toward A Multiscale Account of Trust,"[Philipp Kanske, Leonardo Christov-Moore, Alex Jinich-Diamant, Marco Iacoboni, Jonas Kaplan]",,PsyArXiv,
Distrusting the policy: how inference over action shapes our experience of temporality in flow states and life more broadly,[Darius Parvizi-Wayne],,PsyArXiv,
"Do model-based and model-free reinforcement learning correspond to goal-directed and habitual actions, respectively? A systematic review.",[Xuan Yee],,PsyArXiv,
Limb apraxia and active inference in the visuomotor pathways,"[Riccardo Proietti, Ferdinand Binkofski, Alessia Tessari, Giovanni Pezzulo]",,PsyArXiv,
Autism as a disorder of information synthesis,[Tianwen Chen],,PsyArXiv,
Forgetting Ourselves in Flow: An Active Inference Account of Flow States and How We Experience Ourselves Within Them,"[Jakub Limanowski, Darius Parvizi-Wayne, Riddhi Jain Pitliya, Lars Sandved-Smith, Karl Friston]",,PsyArXiv,
"Less is more: A commentary on “Path integrals, particular kinds, and strange things” by Friston, Da Costa, Sakthivadivel, Heins, Pavliotis, Ramstead, and Parr","[Jakob Hohwy, Lars Sandved-Smith]",,PsyArXiv,
Narrative Fallacy and Other Limitations of Psychodynamic Case Formulation,[Alexey Tolchinsky],,PsyArXiv,
Metaphors are embodied otherwise they would not be metaphors,[Sergio Torres-Martínez],,PsyArXiv,
Simulating Active Inference of Interpersonal Context Within and Across Mental Disorders,"[Winfried Rief, Janik Pawlowski, Dominik Endres, Anna-Lena Eckert, Lukas Kirchner]",,PsyArXiv,
A Model of Agential Learning Using Active Inference,"[Riddhi Jain Pitliya, Robin Murphy]",,PsyArXiv,
The FEP+ Model of General Intelligence,[Mark Ashton Smith],,PsyArXiv,
A Drive to Survive: the free energy principle and the meaning of life (draft),[Kathryn Nave],,PsyArXiv,
Understanding Social Cognition with Delta-Rule Active Inference Learning,"[Reza Ghaderi, Atiye Sarabi-Jamab, Amir Hossein Tehrani-Safa]",,PsyArXiv,
Counteracting Uncertainty: Exploring the Impact of Anxiety on Predictive Sensorimotor Control Mechanisms in a Manual Interception Task,"[David Harris, Mark Wilson, Tom Arthur, Thomas Parsons, Ally Dill]",,PsyArXiv,
The power of insight: Psychedelics and the emergence of false beliefs,"[Hilary Grimmer, Manoj Doss, H.T. McGovern, Philip R. Corlett, Brendan Hutchinson]",,PsyArXiv,Psychedelics
Towards Understanding Persons and their Personalities with Cybernetic Big 5 Theory and the Free Energy Principle and Active Inference (FEP-AI) Framework,"[Adam Safron, Zahra Sheikhbahaee]",[15],PsyArXiv,"Review, check out, emotions"
Generating Meaning: Active Inference and the Scope and Limits of Passive AI,"[Andy Clark, Karl Friston, Paul Cisek, Giovanni Pezzulo, Thomas Parr]",,PsyArXiv,
The relationship between environmental statistics and predictive gaze behaviour during a manual interception task: Eye movements as active inference,"[David Harris, Tom Arthur, Mark Wilson, Sam Vine]",,PsyArXiv,
Deep CANALs: A Deep Learning Approach to Refining the Canalization Theory of Psychopathology,"[Arthur Juliani, Adam Safron, Ryota Kanai]",,PsyArXiv,
Nested Selves: Self-Organisation and Shared Markov Blankets in Prenatal Development in Humans,"[Anna Ciaunica, Fernando E. Rosas, Karl Friston, Michael Levin]",,PsyArXiv,
The inner screen model of consciousness: applying the free energy principle directly to the study of conscious experience,"[Karl Friston, Chris Fields, Adam Safron, Alex Kiefer, Maxwell James Ramstead]",,PsyArXiv,
Survival Decisions in a Multidimensional World,"[Karl Friston, Dean Mobbs, Sarah Tashjian, Toby Wise, Drew Headley]",,PsyArXiv,
Synergizing habits and goals with variational Bayes,"[Jun Tani, Dongqi Han, Kenji Doya, Dongsheng Li]",,PsyArXiv,
Resurrecting Gaia: Harnessing the Free Energy Principle to Preserve Life as We Know It,"[Caspar Montgomery, ‪Inês Hipólito‬]",,PsyArXiv,
"Perceptual learning in humans: an active, top-down guided process",[Heleen A Slagter],,PsyArXiv,
Body as first teacher: The role of rhythmic visceral dynamics in early cognitive development,"[Daniel Feuerriegel, Kelsey Perrykkad, Jonathan E Robinson, Andrew W Corcoran]",,PsyArXiv,
Comprehensive Computational Simulation Framework for Atypical Development using Hierarchical Bayesian Neural Network Model,"[Takashi Hanakawa, Jun Tani, Ahmadreza Ahmadi, Manabu Honda, Yuichi Yamashita]",,PsyArXiv,
Testing predictive coding theories of autism spectrum disorder using models of active inference,"[Mark Brosnan, Gavin Buckingham, David Harris, Sam Vine, Mark Wilson]",,PsyArXiv,
The Therapeutic Alliance as Active Inference: the Role of Trust and Self-efficacy,[Valery Krupnik],,PsyArXiv,
The fast and the curious: Creative improvisation as action-oriented abduction,"[Adam Linson, Andy Clark, Jay Schulkin]",,PsyArXiv,
To copy or not to copy? That is the question! From chimpanzees to the foundation of human technological culture,"[Michael John Walker, Héctor Marín Manrique]",,PsyArXiv,
Resilience and Active Inference,"[Mahault Albarracin, Riddhi Jain Pitliya, Mark Miller, Claire Gorman, Jonas Mago]",,PsyArXiv,
Task-evoked pupillary responses track precision-weighted prediction errors and learning rate during interceptive visuomotor actions,"[Harith Rusydin Abd Rahman, Jiayi Liu, David Harris, Sam Vine, Mark Wilson]",,PsyArXiv,
An active inference approach to second-person neuroscience,"[Karl Friston, Dimitris Bolis, Philipp Kanske, Konrad Lehmann, Maxwell James Ramstead]",,PsyArXiv,
Value Cores for Inner and Outer Alignment: Simulating Personality Formation via Iterated Policy Selection and Preference Learning with Self-World Modeling Active Inference Agents,"[Zahra Sheikhbahaee, Nick Hay, Jeff Orchard, Jesse Hoey, Adam Safron]",,PsyArXiv,
Better Safe than Sorry? - An Active Inference Approach to Biased Social Inference in Depression,"[Benjamin Straube, Winfried Rief, Lukas Kirchner, Anna-Lena Eckert, Max Berg]",,PsyArXiv,
Sensorimotor Synchronization Increases Groove,"[Anne Danielsen, Bruno Laeng, Connor Spiech, George Sioros, Guilherme Schmidt Câmara]",,PsyArXiv,
A computational neuroscience perspective on subjective wellbeing within the active inference framework,"[Susumu Nagayama, Ryan Smith, Yoshiki Ishikawa, Takuya Kitagawa, Managi Shunsuke]",,PsyArXiv,
"Active inference, morphogenesis, and computational psychiatry","[Franz Kuchling, Léo Pio-Lopez, Angela Tung, Giovanni Pezzulo, Michael Levin]",,PsyArXiv,
On religious practices as multiscale active inference: Certainties emerging from recurrent interactions within and across individuals and groups,"[‪Inês Hipólito‬, Casper Hesp]",,PsyArXiv,
"AIXI, FEP-AI, and integrated world models: Towards a unified understanding of intelligence and consciousness",[Adam Safron],,PsyArXiv,
CogNGen: Constructing the kernel of a hyperdimensional predictive processing cognitive architecture,"[M. Alex Kelly, Alexander G. Ororbia]",,PsyArXiv,
Competency in Navigating Arbitrary Spaces: Intelligence as an Invariant for Analyzing Cognition in Diverse Embodiments,"[Chris Fields, Michael Levin]",,PsyArXiv,
Disintegrating and Reintegrating the Self – (In)Flexible Self-Models in Depersonalisation and Psychedelic Experiences,"[Adam Safron, Anna Ciaunica]",,PsyArXiv,
Why Bayesian brains perform poorly on explicit probabilistic reasoning problems,"[Alex Kiefer, Maxwell James Ramstead, Ryan Smith]",,PsyArXiv,
Investigating how explicit contextual cues affect predictive sensorimotor control in autistic adults.,"[Genevieve Williams, Mark Brosnan, Gavin Buckingham, David Harris, Sam Vine]",,PsyArXiv,
"The Map, the Territory and the Cartographer – Linking the ‘Pure’ Formal Models to the ‘Murky’ Material World",[Anna Ciaunica],,PsyArXiv,
"Enough blanket metaphysics, time for data-driven heuristics","[Tomasz Korbak, Wiktor Rorot, Marcin Miłkowski, Piotr Litwin]",,PsyArXiv,
Who tailors the blanket?,"[Kengo Miyazono, Katsunori Miyahara, Keisuke Suzuki]",,PsyArXiv,
The Emperor Has No Blanket!,"[Michael Anderson, Vicente Raja, Anthony Chemero, Edward Baggs]",,PsyArXiv,
"Making life &amp; mind as clear as possible, but not clearer",[Alex Gomez-Marin],,PsyArXiv,
"Does the metaphysical dog wag its formal tail? The free energy principle and philosophical debates about life, mind, and matter.",[Wanja Wiese],,PsyArXiv,
Active inference unifies intentional and conflict-resolution imperatives of motor control,"[Pablo Lanillos, Giovanni Pezzulo, Antonella Maselli]",,PsyArXiv,
"An active inference model of hierarchical action understanding, learning and imitation","[Riccardo Proietti, Alessia Tessari, Giovanni Pezzulo]",,PsyArXiv,
Oversampled and undersolved: Depressive rumination from an active inference perspective,"[Lukas Kirchner, Tobias Kube, Matthias Feldmann, Max Berg]",,PsyArXiv,
"Preferences need inferences: Learning, valuation, and curiosity in aesthetic experience","[Jo Bervoets, Agnes Moors, Sander Van de Cruys]",,PsyArXiv,
Allostasis as a core feature of hierarchical gradients in the human brain,"[Lisa Feldman Barrett, Yuta Katsumi, Jordan Theriault, Karen Quigley]",,PsyArXiv,
An Active Inference Model of Conscious Access: How Cognitive Action Selection Reconciles the Results of Report and No-Report Paradigms,"[Christopher J. Whyte, Ryan Smith, Jakob Hohwy]",,PsyArXiv,
Meditative in-action: an endogenous epistemic venture,"[Giuseppe Pagnoni, Fausto Taiten Guareschi]",,PsyArXiv,
Respiratory Rhythms of the Predictive Mind,"[Micah Allen, Somogy Varga, Detlef H Heck]",,PsyArXiv,
Dream to explore: 5-HT2a as adaptive temperature parameter for sophisticated affective inference,"[Adam Safron, Zahra Sheikhbahaee]",,PsyArXiv,
An active inference account of skilled anticipation in sport: Using computational models to formalise theory and generate new hypotheses,"[Sam Vine, David Broadbent, Oliver Runswick, Mark Wilson, Tom Arthur]",,PsyArXiv,
Predictive eye movements are adjusted in a Bayes-optimal fashion in response to unexpectedly changing environmental probabilities,"[Tom Arthur, David Harris]",,PsyArXiv,
An active inference perspective on the negative symptoms of schizophrenia,"[Prof Michael Breakspear, Jayson Jeganathan]",,PsyArXiv,
"Active inference, selective attention, and the cocktail party problem","[Timothy D Griffiths, Karl Friston, Emma Holmes, Thomas Parr]",,PsyArXiv,
Active inference models do not contradict folk psychology,"[Ryan Smith, Alex Kiefer, Maxwell Ramstead]",,PsyArXiv,
What might interoceptive inference reveal about consciousness?,"[Niia Nikolova, Karl Friston, Micah Allen, Peter Thestrup Waade]",,PsyArXiv,
Natural language syntax complies with the free-energy principle,"[Elliot Murphy, Karl Friston, Emma Holmes]",,PsyArXiv,
On the degrees of freedom worth having: psychedelics as means of understanding and expanding free will,[Adam Safron],,PsyArXiv,
I overthink—therefore I am not: An Active Inference Account of Altered Sense of Self and Agency in Depersonalisation Disorder,"[Karl Friston, Anil Seth, Jakub Limanowski, Casper Hesp, Anna Ciaunica]",,PsyArXiv,
Emergent Goal-Anticipatory Gaze in Infants via Event-Predictive Learning and Inference,"[Birgit Elsner, Christian Gumbsch, Maurits Adam, Martin V. Butz]",,PsyArXiv,
"Keeping the Breath in Mind: Respiration, Neural Oscillations and the Free Energy Principle","[Ezgi Kayhan, Asena Boyadzhieva]",,PsyArXiv,
Evidence for entropy maximisation in human free choice behaviour,"[Giovanni Pezzulo, Ross Cunnington, Gian Luca Lancia, Mattia Eluchans, Natalie Rens]",,PsyArXiv,
An examination of active inference in autistic adults using immersive virtual reality,"[Sam Vine, Tom Arthur, Genevieve Williams, Mark Brosnan, David Harris]",,PsyArXiv,
Long-term stability of computational parameters during approach-avoidance conflict in a transdiagnostic psychiatric patient sample,"[Rayus Kuplicki, Samuel Taylor, Ryan Smith, James Touthang, Martin Paulus]",,PsyArXiv,
The neural correlates of consciousness under the free energy principle: From computational correlates to computational explanation,"[Wanja Wiese, Karl Friston]",,PsyArXiv,
Gender fluidity as affordance negotiation,"[Pierre Poirier, Mahault Albarracin]",,PsyArXiv,
Integrating Cybernetic Big Five Theory with the Free Energy Principle: A new strategy for modeling personalities as complex systems,"[Adam Safron, Colin G. DeYoung]",,PsyArXiv,
Integrated World Modeling Theory (IWMT) Implemented: Towards Reverse Engineering Consciousness with the Free Energy Principle and Active Inference,[Adam Safron],,PsyArXiv,
A predictive processing account of card sorting: Fast proactive and reactive frontoparietal cortical dynamics during inference and learning of perceptual categories,[Francisco Barcelo],,PsyArXiv,
Narrative as active inference,"[Karl Friston, Maxwell Ramstead, Nabil Bouizegarene, Axel Constant, Laurence Kirmayer]",,PsyArXiv,
Simulating the computational mechanisms of cognitive and behavioral psychotherapeutic interventions: Insights from active inference,"[Edda Bilek, Ryan Smith, Michael Moutoussis]",,PsyArXiv,
Predictive processing as a systematic basis for identifying the neural correlates of consciousness,"[Jakob Hohwy, Anil Seth]",,PsyArXiv,
Towards a computational (neuro)phenomenology of mental action: modelling meta-awareness and attentional control with deep-parametric active inference,"[Karl Friston, Jérémie Mattout, Casper Hesp, Antoine Lutz, Maxwell James Ramstead]",,PsyArXiv,
Bayesian Preference Inference in Dialogue,"[Asya Achimova, Martin V. Butz, Ellas Eisemann]",,PsyArXiv,
Curious inferences: Reply to Sun &amp; Firestone on the Dark Room Problem,"[Beren Millidge, Anil Seth, Christopher Buckley, Alexander Tschantz]",,PsyArXiv,
Greater decision uncertainty characterizes a transdiagnostic patient sample during approach-avoidance conflict: a computational modeling approach,"[Sahib S. Khalsa, Rayus Kuplicki, Martin Paulus, Jennifer Stewart, Namik Kirlic]",,PsyArXiv,
Imprecise Action Selection in Substance Use Disorder: Evidence for Active Learning Impairments When Solving the Explore-Exploit Dilemma,"[Rayus Kuplicki, Hamed Ekhtiari, Philipp Schwartenbeck, Ryan Smith, Martin Paulus]",,PsyArXiv,
"Generative models, language and active inference","[Karl Friston, Emma Holmes, Thomas Parr, Yan Yufik, Cathy J. Price]",,PsyArXiv,
Unravelling the Neurobiology of Interoceptive Inference,[Micah Allen],,PsyArXiv,
An Integrated World Modeling Theory (IWMT) of consciousness: Combining Integrated Information and Global Neuronal Workspace Theories with the Free Energy Principle and Active Inference Framework; towards solving the Hard problem and characterizing agentic causation,[Adam Safron],,PsyArXiv,
Integrated World Modeling Theory (IWMT) Revisited,[Adam Safron],,PsyArXiv,
The Radically Embodied Conscious Cybernetic Bayesian Brain: From Free Energy to Free Will and Back Again,[Adam Safron],,PsyArXiv,
‘Through others we become ourselves’: The dialectics of predictive coding and active inference,"[Dimitris Bolis, Leonhard Schilbach]",,PsyArXiv,
A Computational Theory of Mindfulness Based Cognitive Therapy from the “Bayesian Brain” Perspective,"[Sandra Iglesias, Zina-Mary Manjaly]",,PsyArXiv,
"The dark room problem in predictive processing and active inference, a legacy of cognitivism?","[Christopher Buckley, Manuel Baltieri]",,PsyArXiv,
Neurocomputational Theories of Homeostatic Control,"[Oliver J Hulme, Boris Gutkin, Thobias Morville]",,PsyArXiv,
Why use predictive processing to explain psychopathology? The case of anorexia nervosa,"[Jakob Hohwy, Stephen Gadsby]",,PsyArXiv,
Retrospective surprise: A computational component for active inference,"[Kentaro Katahira, Tsukasa Okimura, Yuichi Yamashita, Yoshihiko Kunisato]",,PsyArXiv,
Combining Active Inference and Hierarchical Predictive Coding: A Tutorial Introduction and Case Study,[Beren Millidge],,PsyArXiv,
Implementing Predictive Processing and Active Inference: Preliminary Steps and Results,[Beren Millidge],,PsyArXiv,
From aliens to invisible limbs: The transitions that never make it into conscious experience,[Jaan Aru],,PsyArXiv,
Being a beast machine: The somatic basis of selfhood,"[Manos Tsakiris, Anil Seth]",,PsyArXiv,
"Interoceptive Accuracy Moderates the Glycaemic, Autonomic and Subjective Response to a Glucose Load: A Test of the Predictive Coding Framework","[David Benton, Hayley Young]",,PsyArXiv,
Being a beast machine: The origins of selfhood in control-oriented interoceptive inference,[Anil Seth],,PsyArXiv,
Insight and the selection of ideas,"[Carola Salvi, Jonathan Schooler, Jason M Tangen, Margaret E Webb, Heleen A Slagter]",,PsyArXiv,